Gar,gprester0,93-7323734,6818 Loftsgordon Road,636 714 6953,instapayment;;;;;;
Janela,jcoton1,44-1374580,48 Arrowood Way,190 805 2836,maestro;;;;;;
Trescha,tdukes2,06-2700377,9 Fairfield Avenue,583 168 6892,jcb;;;;;;
Trista,tparlour3,72-6753835,5294 Schlimgen Center,653 126 4461,solo;;;;;;
Patti,pjiru4,03-0014714,9 Spohn Parkway,610 514 4237,switch;;;;;;
Suzy,sdensun5,44-0542909,99 Arrowood Way,424 680 3728,mastercard;;;;;;
Laurice,lscrooby6,36-0740460,09605 Stuart Avenue,200 636 2953,instapayment;;;;;;
Fallon,fcockland7,73-0497142,039 Vernon Park,633 668 0314,americanexpress;;;;;;
Emmie,echristopherson8,06-6021993,1339 Stuart Place,713 815 6536,mastercard;;;;;;
Jonell,jmahody9,12-1034688,42960 Mandrake Avenue,387 280 3025,jcb;;;;;;
Roanne,rmonckmana,77-5324327,8 Northfield Hill,554 557 4924,jcb;;;;;;
Hersch,hplaunchb,87-6096456,4 Sauthoff Way,348 381 1635,jcb;;;;;;
Carena,chullinsc,52-5785759,33067 Lotheville Road,963 525 5575,mastercard;;;;;;
Larina,llamersd,13-7628903,38746 Thompson Hill,124 127 4901,jcb;;;;;;
Bryn,bmoorese,63-8742013,15274 American Ash Alley,778 612 4485,jcb;;;;;;
Jessy,jradbondf,87-4649104,194 Portage Pass,883 274 4429,solo;;;;;;
Ragnar,rslimmong,89-9926125,388 Lotheville Drive,190 831 2920,china-unionpay;;;;;;
Dewitt,dchaizeh,79-4814102,7280 Manley Court,224 857 1532,visa-electron;;;;;;
Saxon,sbrunigesi,33-0167567,9 Oneill Parkway,494 182 4024,jcb;;;;;;
Legra,lsawfordej,79-1468706,6013 Schurz Crossing,706 506 1822,diners-club-carte-blanche;;;;;;
Sibylle,sstillgoek,17-8502582,5 Moulton Lane,855 846 1676,jcb;;;;;;
Ingrim,ideknevetl,43-3823243,2 Anzinger Terrace,120 452 1633,jcb;;;;;;
Vivie,vmacnishm,56-6652281,790 Elka Park,946 995 0416,jcb;;;;;;
Giff,gnelthropn,58-9045938,1918 Sutteridge Drive,765 945 7064,jcb;;;;;;
Elinor,echandlaro,56-9023181,29754 Spaight Park,418 208 2043,visa-electron;;;;;;
Adham,ahouriganp,63-6089823,79414 Hallows Trail,493 841 6291,jcb;;;;;;
Junina,jwaudq,97-5764063,99 Muir Terrace,956 129 3765,bankcard;;;;;;
Hastings,hhowenr,48-1207525,7 Mitchell Avenue,354 335 8434,solo;;;;;;
Carina,cfrieses,62-8926014,350 Crownhardt Pass,276 401 1739,jcb;;;;;;
Culley,cstaubynt,26-5658489,857 Toban Way,880 551 4272,jcb;;;;;;
Carroll,cspringleu,42-5040553,1447 Autumn Leaf Court,761 999 2372,bankcard;;;;;;
Pen,pdorringtonv,37-4068447,84165 Northport Trail,332 257 0484,jcb;;;;;;
Kore,kbrunettiw,29-4289241,98254 Menomonie Circle,666 360 4456,switch;;;;;;
Rubie,rvoffx,11-3784804,15185 Monica Pass,593 349 7899,mastercard;;;;;;
Billy,bklosay,03-4741463,4 Melvin Junction,645 604 6628,americanexpress;;;;;;
Cirilo,cimbreyz,00-5024474,82 Gale Circle,677 619 7315,jcb;;;;;;
Rhoda,rcockerill10,59-9448834,752 Rockefeller Pass,596 335 4841,maestro;;;;;;
Valentijn,vseabridge11,72-9607706,36 Chive Lane,317 152 5185,maestro;;;;;;
Yvette,ysteddall12,68-6708092,8 Hallows Place,900 724 6719,visa-electron;;;;;;
Bernadene,bmckinlay13,80-4577209,99 Forest Trail,801 921 7303,china-unionpay;;;;;;
Cristian,cbroy14,47-3039651,792 Daystar Crossing,595 657 5213,maestro;;;;;;
Joanna,jgreenalf15,83-7288523,677 Coleman Trail,359 285 2801,jcb;;;;;;
Randie,rkopke16,41-1281167,4949 6th Plaza,490 304 8216,jcb;;;;;;
Pattin,ploughrey17,14-8071206,946 Donald Junction,255 615 8368,jcb;;;;;;
Kit,kkolin18,50-1686722,68527 Derek Terrace,775 443 3706,jcb;;;;;;
Maxwell,mlacaze19,07-0690017,5711 Calypso Parkway,210 731 8838,jcb;;;;;;
Elna,emacpadene1a,37-2441153,31244 Anzinger Terrace,284 203 1723,jcb;;;;;;
Judie,jjosef1b,81-6431964,39993 Melby Circle,422 127 3509,jcb;;;;;;
Flss,fgrigson1c,86-6316082,2647 Dottie Center,499 459 8998,diners-club-carte-blanche;;;;;;
Daffy,despinel1d,55-2590382,8475 Rutledge Park,829 544 0309,jcb;;;;;;
Wyatt,wsennett1e,62-2712175,4 Merry Place,803 719 4730,maestro;;;;;;
Gabbie,gizac1f,55-1408606,8 Blackbird Crossing,508 900 9407,visa-electron;;;;;;
Issi,ikunisch1g,09-9909245,377 Northview Drive,877 203 6786,americanexpress;;;;;;
Witty,wbosley1h,76-4680318,234 Nevada Lane,182 695 4857,visa-electron;;;;;;
Briny,bwatkiss1i,32-6049136,57973 Marcy Center,739 287 8596,jcb;;;;;;
Lorry,lhastewell1j,49-3521391,5965 Jackson Trail,884 557 9968,bankcard;;;;;;
Elnore,ecossins1k,01-0486468,01 Eastlawn Pass,156 617 0383,visa;;;;;;
Meier,mduchesne1l,45-6215220,04 Talmadge Place,899 114 3193,visa;;;;;;
Ban,bmacpaik1m,68-0777491,78578 Pond Place,696 699 9884,jcb;;;;;;
Gareth,ggavrielly1n,70-9429926,9 Debs Terrace,107 690 5158,mastercard;;;;;;
Tiertza,tivic1o,30-0933782,6032 Bellgrove Circle,859 796 7841,diners-club-carte-blanche;;;;;;
Linette,lscurry1p,15-9277064,2 Emmet Park,745 380 0824,mastercard;;;;;;
Grayce,ggrombridge1q,31-6446543,6208 Sherman Drive,494 823 1420,jcb;;;;;;
Merline,molenikov1r,85-5283028,132 Grim Lane,384 618 8893,bankcard;;;;;;
Ardella,acockshut1s,41-8089616,48 Comanche Center,210 346 7258,jcb;;;;;;
Alethea,agann1t,43-8683610,1 Tennessee Way,892 694 3582,instapayment;;;;;;
Leland,ljosowitz1u,73-7277497,91 Eggendart Point,919 268 9919,jcb;;;;;;
Cosetta,cambrogini1v,14-6744540,81 Hollow Ridge Junction,585 746 7680,mastercard;;;;;;
Lorelei,lkeast1w,75-7070684,7799 Petterle Court,397 953 6345,mastercard;;;;;;
Ruthy,rhaton1x,93-6604779,616 Cody Way,925 684 5612,jcb;;;;;;
Maitilde,mwoller1y,59-2319196,6658 Hauk Road,640 790 4426,visa-electron;;;;;;
Carl,cmounsey1z,11-7494675,20 Crowley Way,967 535 1610,jcb;;;;;;
Bibi,bhoworth20,57-8074955,456 Jana Lane,414 310 3009,diners-club-enroute;;;;;;
Tawsha,tpantling21,60-2414073,53 Sunnyside Hill,858 241 1675,switch;;;;;;
Shelby,ssimcoe22,41-8191650,04 Meadow Ridge Way,373 611 4750,mastercard;;;;;;
Andria,abeniesh23,21-0716093,34893 Walton Road,651 441 4331,jcb;;;;;;
Berkie,bsteffan24,00-2818680,951 Pawling Road,289 177 1588,diners-club-carte-blanche;;;;;;
Roseanne,rfeye25,59-4409116,9 Oak Valley Alley,184 801 7429,jcb;;;;;;
Kenn,kpoulton26,13-5119654,19 High Crossing Trail,652 955 2106,china-unionpay;;;;;;
Aeriela,agrob27,27-6146220,46 Fairfield Alley,545 855 2277,americanexpress;;;;;;
Carlynne,carnson28,01-2750747,7942 Troy Drive,409 270 9402,jcb;;;;;;
Jerrilee,jgarey29,04-4568111,2546 Starling Place,205 599 9248,maestro;;;;;;
Gale,gjewitt2a,82-2688893,55 Pearson Drive,901 707 3272,switch;;;;;;
Tarrance,tpickhaver2b,49-0253738,9373 Clove Court,803 632 1884,jcb;;;;;;
Ralf,rdecourcy2c,24-9319741,45 High Crossing Trail,311 118 2330,china-unionpay;;;;;;
Valentine,vskewes2d,79-3511062,05807 Kings Circle,254 811 1376,bankcard;;;;;;
Ashlan,anewcomb2e,43-2340443,6 Lerdahl Pass,559 772 9652,mastercard;;;;;;
Albertina,adillinger2f,26-6253075,91 Red Cloud Hill,556 886 4800,visa;;;;;;
Valli,vspinnace2g,62-5327002,25042 Hauk Center,458 587 4049,laser;;;;;;
Brande,bisson2h,12-1163066,0 Green Ridge Plaza,979 965 4847,jcb;;;;;;
Carlota,cgorgler2i,91-6826867,40 Lawn Street,862 533 7886,bankcard;;;;;;
Krissie,kburgise2j,02-9912845,49681 Moulton Terrace,373 256 4396,china-unionpay;;;;;;
Lynnet,lmeffen2k,25-2387432,1 Arizona Avenue,603 858 2424,china-unionpay;;;;;;
Tracey,tbarensky2l,09-2968604,45085 Morrow Parkway,858 202 6076,jcb;;;;;;
Obadias,owarboy2m,74-9061600,59 Commercial Crossing,927 650 6753,laser;;;;;;
Roanna,rsapey2n,34-9543185,923 Harbort Court,779 216 6424,maestro;;;;;;
Kerwin,kallingham2o,31-5180273,3 Burrows Hill,535 228 8183,mastercard;;;;;;
Krisha,kklambt2p,16-9959846,235 Everett Park,242 417 5679,bankcard;;;;;;
Emiline,elamps2q,33-6653567,71967 Weeping Birch Way,486 938 9415,jcb;;;;;;
Caitrin,clowres2r,08-2265552,66 Bunting Point,674 475 2708,jcb;;;;;;
Gery,gceschini2s,01-3245930,5 Arapahoe Court,235 846 2480,visa-electron;;;;;;
Ursala,upauer2t,30-0879865,00 Butternut Center,683 413 6586,visa-electron;;;;;;
Mirna,mkittow2u,01-8175079,0 Prentice Terrace,158 685 6276,visa-electron;;;;;;
Vickie,vdacks2v,31-2875766,24 Maple Plaza,808 400 2814,diners-club-us-ca;;;;;;
Georgie,gearney2w,06-6889275,02 New Castle Court,344 451 7488,jcb;;;;;;
Jamey,jsherrum2x,10-1989626,084 Shelley Plaza,579 572 8632,diners-club-enroute;;;;;;
Toby,trekes2y,68-2341642,8 Bobwhite Drive,755 988 2986,jcb;;;;;;
Kinsley,korr2z,18-6615774,1612 Pepper Wood Pass,711 686 8637,mastercard;;;;;;
Beatrix,bmiskelly30,64-3159866,36 Mccormick Hill,318 177 4782,mastercard;;;;;;
Vickie,vveeler31,64-2857163,20 Schurz Street,243 993 8163,jcb;;;;;;
Ethelbert,ehaskur32,81-4962595,391 Boyd Drive,473 404 4433,jcb;;;;;;
Jessie,jgobert33,82-0819111,7 Kinsman Parkway,836 214 9194,visa;;;;;;
Tressa,tmirfield34,37-7800889,823 Sheridan Plaza,178 218 7562,mastercard;;;;;;
Betty,blevick35,60-5024717,26178 Spaight Drive,999 354 7977,jcb;;;;;;
Ellissa,ekenshole36,17-4087821,6733 Melby Park,617 152 1873,jcb;;;;;;
Alison,aguillot37,61-2285821,2 Golden Leaf Circle,593 507 8335,jcb;;;;;;
Cathee,crieflin38,43-0743285,10 Kedzie Point,174 326 5568,jcb;;;;;;
Yuri,yyurchenko39,22-9476744,01801 Scott Plaza,630 807 0943,jcb;;;;;;
Bendick,bjobern3a,16-0346005,62 Del Mar Trail,599 324 6510,jcb;;;;;;
Janka,jkarpenya3b,86-1877725,1 Bluestem Parkway,588 228 6392,jcb;;;;;;
Heywood,hcrohan3c,73-8582755,33 Graceland Lane,562 342 5157,jcb;;;;;;
Davida,dposer3d,39-4512844,450 Mitchell Plaza,380 676 3253,jcb;;;;;;
Paul,psiccombe3e,39-9454540,2718 Melvin Road,191 761 1850,mastercard;;;;;;
Byron,bsunman3f,82-1324620,79 Fordem Court,264 335 2481,visa-electron;;;;;;
Dynah,ddolby3g,59-5933345,718 Loftsgordon Road,888 256 8951,visa;;;;;;
Rosie,rhartman3h,26-6190806,345 Larry Street,784 591 9655,diners-club-carte-blanche;;;;;;
Xerxes,xcogdell3i,95-6034029,72849 Duke Court,654 627 8996,visa-electron;;;;;;
Maighdiln,mdunford3j,66-5744442,7 Saint Paul Pass,943 629 2219,jcb;;;;;;
Andrey,aludvigsen3k,15-8065654,329 Sutherland Avenue,352 780 0634,jcb;;;;;;
Joell,jmaccafferty3l,04-7244204,6090 Grasskamp Park,202 386 4910,mastercard;;;;;;
Emelen,eperulli3m,18-6767689,21 Fairfield Junction,713 337 5080,maestro;;;;;;
Harwell,hdabbes3n,24-8798122,8 Jackson Park,443 233 3772,jcb;;;;;;
Essa,ereuben3o,56-5115516,8 Dwight Plaza,266 299 3598,visa-electron;;;;;;
Emmery,ebachellier3p,78-2520230,0432 Gerald Circle,258 452 5644,jcb;;;;;;
Brianne,bcrust3q,36-3632570,98466 Gerald Trail,144 100 6634,mastercard;;;;;;
Nye,nkays3r,61-5590764,9 Superior Road,700 394 0696,jcb;;;;;;
Winifield,wzorn3s,93-9187013,50 Lindbergh Pass,420 107 6828,mastercard;;;;;;
Bevin,bcoling3t,49-8407555,49574 Welch Crossing,542 479 5816,diners-club-enroute;;;;;;
Roger,rconstable3u,36-0950058,83548 Loftsgordon Trail,774 769 3331,jcb;;;;;;
Davida,dgeck3v,99-9412519,4839 Logan Crossing,730 167 6269,visa-electron;;;;;;
Gary,gmaceur3w,96-0272622,41289 Spohn Avenue,341 194 6953,jcb;;;;;;
Meryl,mmayhow3x,46-2727432,80829 Basil Road,799 656 0603,mastercard;;;;;;
Damien,dbenninck3y,93-2822036,1 Northridge Lane,508 795 6166,jcb;;;;;;
Barbabas,bstango3z,12-3559847,33119 Village Green Alley,361 980 1145,jcb;;;;;;
Nate,nmarin40,18-2296932,133 Lakewood Gardens Street,475 207 5293,jcb;;;;;;
Eddy,eaguirrezabal41,77-7368257,397 Hallows Road,461 499 6470,jcb;;;;;;
Land,loscollee42,47-3202173,7 Jackson Way,399 920 2087,maestro;;;;;;
Catrina,clello43,18-1355838,7313 Mendota Trail,260 441 3725,jcb;;;;;;
Bartholomew,bkoeppke44,10-3367798,0806 Bunker Hill Trail,554 394 5246,jcb;;;;;;
Felix,fsheraton45,84-0631760,518 Heath Road,937 895 6010,jcb;;;;;;
Lemuel,lfortey46,44-3214867,1797 Lighthouse Bay Terrace,598 828 9626,solo;;;;;;
Merwyn,mscola47,48-0976828,3 Delladonna Terrace,379 325 6686,jcb;;;;;;
Gaby,gcreeber48,44-6026517,5648 Jackson Park,810 290 0752,jcb;;;;;;
Linc,ljonk49,01-1075561,968 Continental Pass,356 501 6545,jcb;;;;;;
Rowan,rallwright4a,37-5608428,95 Wayridge Alley,840 512 3120,diners-club-international;;;;;;
Lewiss,lkenright4b,37-7580178,535 Pond Center,905 157 1073,jcb;;;;;;
Tarah,tseeley4c,43-7450198,298 Sycamore Road,411 615 4459,jcb;;;;;;
Mehetabel,mferrillo4d,93-9678679,8661 Shasta Drive,751 788 1300,americanexpress;;;;;;
Cobb,cleacock4e,94-4757232,2281 Carey Crossing,547 157 7614,diners-club-carte-blanche;;;;;;
Hal,hrobken4f,09-4115511,0 Carey Way,671 333 9143,solo;;;;;;
Berke,bskrine4g,45-0012980,97909 Scoville Road,135 485 8014,laser;;;;;;
Zechariah,zpetasch4h,05-6951830,19756 Luster Place,848 792 6503,jcb;;;;;;
Nancee,ncroker4i,27-1993254,9 Maple Street,933 749 5295,switch;;;;;;
Celesta,cbaldassi4j,09-6129243,5246 2nd Parkway,117 785 0115,jcb;;;;;;
Elnore,ebartocci4k,56-3889509,17 Arizona Road,187 870 9940,diners-club-carte-blanche;;;;;;
Graeme,gamps4l,60-9151830,0713 Iowa Hill,772 952 4666,jcb;;;;;;
Thom,tmeakin4m,22-7768980,37 Onsgard Alley,596 657 7156,jcb;;;;;;
Idell,ilaskey4n,46-7446600,173 Derek Terrace,174 188 4626,visa-electron;;;;;;
Ola,opingston4o,07-1395237,25198 Tennyson Park,890 647 4946,jcb;;;;;;
Belinda,bwermerling4p,02-8647854,18 Sachs Alley,144 546 3669,jcb;;;;;;
Norby,nfrostdick4q,02-7255183,9644 Dunning Plaza,275 715 0794,jcb;;;;;;
Maud,mmascall4r,77-8551949,3 Mosinee Place,141 947 4788,americanexpress;;;;;;
Tull,tjanuaryst4s,85-4807778,1528 Grim Plaza,913 650 0843,diners-club-carte-blanche;;;;;;
Diarmid,dnornable4t,18-3817281,0 Eggendart Park,832 191 3553,visa-electron;;;;;;
Addy,acaldairou4u,42-5133346,1 Raven Alley,987 158 4256,maestro;;;;;;
Stavros,slefeaver4v,28-7765871,31 Farmco Crossing,922 668 7364,jcb;;;;;;
Natka,npantling4w,88-7562676,41 Bayside Road,197 291 0723,jcb;;;;;;
Gwynne,gcrann4x,56-4484798,2577 Goodland Crossing,708 306 0916,jcb;;;;;;
Neale,npopping4y,91-1824121,52 Marquette Crossing,971 343 9801,jcb;;;;;;
Wells,wrodear4z,64-1662709,662 3rd Lane,495 207 6557,jcb;;;;;;
Efren,eeddoes50,61-5841218,7731 Dixon Hill,995 732 1981,jcb;;;;;;
Spike,smacilhargy51,01-3215421,7 La Follette Circle,445 294 4459,china-unionpay;;;;;;
Jamaal,jealles52,96-1053091,9 Lakewood Plaza,404 446 3506,jcb;;;;;;
Analiese,ahansana53,77-8498214,79 Upham Court,597 249 4052,solo;;;;;;
Gabriell,gshepland54,59-4941305,84 Garrison Pass,970 470 8693,diners-club-carte-blanche;;;;;;
Carmelle,cdurker55,01-9046160,01670 Cordelia Trail,771 947 9067,visa-electron;;;;;;
Liana,lruperto56,73-5142227,8427 Ruskin Road,364 481 6798,jcb;;;;;;
Cesaro,cdonke57,18-7762421,6 Atwood Park,405 777 3519,maestro;;;;;;
Hammad,hpring58,66-6820976,94 Ridgeview Circle,133 298 6784,diners-club-us-ca;;;;;;
Lois,lhelwig59,70-3552251,803 Dayton Plaza,381 801 5971,china-unionpay;;;;;;
Eugine,emcgrath5a,34-0342731,4 Service Circle,376 227 5464,diners-club-enroute;;;;;;
Inez,irowell5b,98-8577048,440 Fisk Terrace,228 368 6479,jcb;;;;;;
Joseph,jsotworth5c,99-6038102,13071 Division Hill,265 779 5815,jcb;;;;;;
Netta,npaule5d,70-3203515,45472 Lunder Road,566 944 7739,mastercard;;;;;;
Collen,ckiraly5e,35-5586918,98 Vera Junction,610 500 3106,jcb;;;;;;
Heloise,hfawcus5f,44-6706763,2 Harbort Circle,408 867 7139,mastercard;;;;;;
Nikita,ndowyer5g,95-6692112,26173 Forest Place,475 655 6752,china-unionpay;;;;;;
Violet,vmarkson5h,59-9703920,1360 Sutteridge Junction,653 801 6089,jcb;;;;;;
Gigi,gevetts5i,38-8564116,8341 Bartelt Center,607 759 8106,maestro;;;;;;
Trisha,tcornick5j,98-7462141,2 Sunfield Alley,527 789 5968,jcb;;;;;;
Sissy,sofihily5k,10-1784338,35740 Bay Court,623 140 1357,mastercard;;;;;;
Rozina,rclemente5l,89-5485144,518 Knutson Place,175 293 7435,jcb;;;;;;
Hillel,hmcmickan5m,97-6379082,695 Hauk Plaza,801 792 7965,china-unionpay;;;;;;
Dara,dcoleford5n,00-7265407,74319 Eagan Court,139 509 5350,mastercard;;;;;;
Corella,csandey5o,72-4522589,11 Shopko Drive,352 296 8051,mastercard;;;;;;
Fania,fcaughtry5p,70-3919290,550 Summit Park,914 723 6723,jcb;;;;;;
Ardis,ahastwell5q,78-7204154,55 Glacier Hill Avenue,644 946 2885,jcb;;;;;;
Jerrilyn,jonele5r,60-3527076,406 Menomonie Hill,863 677 5062,visa-electron;;;;;;
Constancia,cstephens5s,43-6581786,843 Mcguire Parkway,442 587 6464,maestro;;;;;;
Hube,hboundley5t,67-3748732,30779 Novick Crossing,992 529 0475,jcb;;;;;;
Jayne,jbeining5u,12-9309186,9627 Toban Crossing,540 795 5971,mastercard;;;;;;
Tamarah,tsidwell5v,63-8255086,6056 Maple Wood Alley,117 195 2696,jcb;;;;;;
Meryl,mdenniss5w,03-4057046,454 Chinook Plaza,713 947 9945,solo;;;;;;
Washington,wdron5x,32-9641469,5863 Melrose Junction,305 330 4527,americanexpress;;;;;;
Lanette,ltoffler5y,89-8470911,385 Sutherland Lane,826 121 4438,bankcard;;;;;;
Ida,icoulthart5z,66-9226602,73818 Graedel Terrace,333 348 2387,maestro;;;;;;
Alli,amarco60,28-7439851,0263 Algoma Junction,370 570 9516,maestro;;;;;;
Kennan,kkilmurray61,61-9489775,737 Truax Lane,572 169 6404,maestro;;;;;;
Ly,ldavers62,21-0637905,14 Declaration Alley,977 630 4454,jcb;;;;;;
Calley,chaugg63,38-6352001,84483 Pierstorff Drive,271 904 1208,switch;;;;;;
Jenine,jbroe64,35-9663451,82 Roxbury Circle,628 983 6375,diners-club-enroute;;;;;;
Yorgo,ydinsell65,93-2434880,3984 Sloan Road,462 990 9779,jcb;;;;;;
Humfried,hshory66,48-4606924,1356 Menomonie Center,629 130 8167,mastercard;;;;;;
Matthew,mlantiff67,83-9866850,95 Birchwood Lane,294 889 6118,jcb;;;;;;
Merry,mfoote68,87-1986226,4 Summit Way,657 833 7058,jcb;;;;;;
Silva,ssallows69,62-2659159,8646 Northland Avenue,168 100 2136,switch;;;;;;
Celie,cslyman6a,69-7431146,990 Gulseth Point,160 821 1828,diners-club-enroute;;;;;;
Killy,kgrelka6b,91-5831172,332 Erie Hill,577 825 9146,maestro;;;;;;
Sabra,sgillyatt6c,01-5259695,92194 Johnson Point,605 389 4096,jcb;;;;;;
Winthrop,wsteljes6d,92-8752364,60316 Westport Point,757 540 8385,china-unionpay;;;;;;
Shannon,smorhall6e,47-3447343,876 Sunbrook Lane,931 464 0931,jcb;;;;;;
Erek,epressland6f,22-3167210,88 Atwood Pass,847 132 1636,jcb;;;;;;
Sharron,sjoynt6g,78-6945010,033 Declaration Plaza,808 805 5682,jcb;;;;;;
Griswold,ggoricke6h,40-6197311,501 Farmco Street,426 327 5833,jcb;;;;;;
Talbot,tobey6i,56-0198437,12836 Heffernan Lane,397 436 9531,jcb;;;;;;
Andra,aedworthye6j,87-9569359,791 John Wall Point,760 262 5900,jcb;;;;;;
Arlyne,aolunney6k,39-2234248,3 Melby Lane,747 711 5687,visa;;;;;;
Amitie,anolin6l,05-5376987,0 La Follette Road,550 688 2305,americanexpress;;;;;;
Stanly,shandslip6m,31-4134731,95 Dunning Junction,204 418 6613,jcb;;;;;;
Ruddie,rblewis6n,29-1384737,699 Sutherland Center,365 463 8983,jcb;;;;;;
Gaylene,gpitchford6o,88-4867764,707 Ohio Alley,443 744 9172,jcb;;;;;;
Bondon,bgaskall6p,06-8246511,05 Susan Road,511 287 8703,diners-club-carte-blanche;;;;;;
Shell,streace6q,56-0822958,62518 Park Meadow Place,399 962 7556,bankcard;;;;;;
Sanders,sperchard6r,42-0131464,80601 Mariners Cove Center,429 339 6813,jcb;;;;;;
Jaquenetta,jandreou6s,55-1311743,197 Claremont Way,108 338 3111,switch;;;;;;
Teri,tmarcos6t,77-3650271,49 Hoepker Point,901 575 6844,visa-electron;;;;;;
Carry,ctoffalo6u,67-1358389,41 Nobel Junction,875 228 3931,diners-club-carte-blanche;;;;;;
Ken,kmurrie6v,21-9827105,21859 Oriole Pass,825 886 7339,jcb;;;;;;
Annalise,abullar6w,84-4141463,3384 Clemons Court,572 757 0120,bankcard;;;;;;
Auria,apinner6x,33-4910510,555 1st Trail,568 928 9572,solo;;;;;;
Jervis,jklimmek6y,31-3563373,4 Amoth Center,552 478 9118,jcb;;;;;;
Nike,nshearer6z,15-3719742,398 Hayes Trail,257 244 6289,jcb;;;;;;
Johnna,jlindenstrauss70,58-3518687,7431 Grim Place,559 660 6799,maestro;;;;;;
Alys,arollins71,16-1835927,11641 Lake View Park,259 458 7877,visa-electron;;;;;;
Desmond,dcopper72,45-1010106,954 Homewood Crossing,180 529 0921,jcb;;;;;;
Cris,cbreckell73,66-7996056,040 Union Court,281 223 3872,diners-club-enroute;;;;;;
Almeta,aalp74,63-4659721,2767 4th Hill,733 588 6677,laser;;;;;;
Heda,hmcturlough75,24-0031607,54 Bashford Plaza,259 120 9692,jcb;;;;;;
Cris,ckyle76,98-0655365,0532 Village Parkway,407 744 4665,diners-club-carte-blanche;;;;;;
Pryce,prevett77,46-1657779,0 Sachtjen Lane,185 283 7724,switch;;;;;;
Ali,agreenough78,92-8696293,675 Forest Run Lane,295 974 8494,laser;;;;;;
Cad,cgeeraert79,92-0473830,875 Eagle Crest Drive,767 493 7530,diners-club-carte-blanche;;;;;;
Marshal,mfrantsev7a,89-0816373,33532 School Point,981 257 6356,laser;;;;;;
Correy,cgull7b,26-2136082,1 Arrowood Avenue,939 767 6395,diners-club-enroute;;;;;;
Harlen,hhathaway7c,81-5832256,93 Helena Crossing,724 752 7057,maestro;;;;;;
Ange,aayers7d,78-2390820,36 Debs Plaza,621 227 4329,jcb;;;;;;
Dannie,dtreweke7e,16-5219039,7 Hovde Center,233 734 2372,laser;;;;;;
Cathlene,cgrimsell7f,17-6650001,92560 Dakota Avenue,344 554 6939,diners-club-carte-blanche;;;;;;
Harcourt,hwharton7g,42-6081393,008 Manitowish Point,400 854 9032,jcb;;;;;;
Florenza,fbanck7h,63-0042623,9 Glendale Plaza,226 924 6945,maestro;;;;;;
Sebastian,sredler7i,23-7436694,800 2nd Circle,464 516 5643,bankcard;;;;;;
Hobart,hhanks7j,78-4392712,87952 Bowman Circle,203 828 6356,china-unionpay;;;;;;
Urban,uloving7k,01-6063579,322 Swallow Junction,533 395 8548,diners-club-enroute;;;;;;
Laurie,lspriggen7l,28-8243751,566 Dorton Pass,624 458 1546,diners-club-enroute;;;;;;
Miles,mmcaviy7m,22-0970236,4011 Burning Wood Drive,102 630 7200,jcb;;;;;;
Noby,njorg7n,10-2389304,03 Granby Road,281 302 7262,diners-club-carte-blanche;;;;;;
Herve,hswalteridge7o,30-8638209,74574 Utah Crossing,625 810 2162,bankcard;;;;;;
Delcina,ddufour7p,97-3702148,249 Mosinee Court,942 834 6582,visa-electron;;;;;;
Pris,pfronsek7q,47-6459011,5 Canary Pass,926 936 6652,jcb;;;;;;
Crosby,cjuleff7r,14-0683401,0911 American Court,817 346 6965,jcb;;;;;;
Natalya,nville7s,61-4717140,48 Ridgeway Avenue,876 246 5660,jcb;;;;;;
Keely,kcloney7t,77-9733106,40 Fisk Junction,713 189 7648,diners-club-enroute;;;;;;
Eva,egrivori7u,17-7591388,3 Warner Place,881 758 5559,switch;;;;;;
Tally,tboich7v,28-8505590,8216 Tennyson Center,878 543 3948,jcb;;;;;;
Donovan,dcallinan7w,17-2551477,71 Westridge Court,671 724 3720,mastercard;;;;;;
Flem,fmongain7x,36-0143628,80 Haas Court,814 912 9168,maestro;;;;;;
Phelia,pbirley7y,32-5967344,549 Vermont Junction,658 304 7760,mastercard;;;;;;
Xaviera,xdurham7z,84-4839196,21 Mifflin Court,934 760 5582,solo;;;;;;
Bryon,barstingall80,75-3662859,728 Becker Alley,608 597 3220,visa-electron;;;;;;
Martyn,melleton81,11-3024057,546 Corry Crossing,815 941 9191,visa;;;;;;
Camille,cmcveagh82,24-4979199,869 Brentwood Drive,359 554 0259,china-unionpay;;;;;;
Tuckie,tstallibrass83,81-4215780,1 Vermont Court,704 422 6238,maestro;;;;;;
Fawn,fodoohaine84,28-9059298,6 Rigney Plaza,840 362 3655,jcb;;;;;;
Shirl,sfinlator85,95-5213020,46 Mosinee Street,139 125 5823,jcb;;;;;;
Maggee,mluthwood86,26-9575545,370 Green Avenue,538 214 5352,jcb;;;;;;
Livvy,lmattiello87,55-9499103,5 Ilene Place,182 948 4154,americanexpress;;;;;;
Berny,bfrears88,11-0394603,602 Loeprich Hill,212 675 3781,laser;;;;;;
Leif,lglenister89,63-3955114,6 Cherokee Court,134 425 8689,jcb;;;;;;
Calida,cbalwin8a,95-2278914,85848 Lillian Crossing,663 156 9539,solo;;;;;;
Doug,dwestcott8b,23-0618284,2610 School Street,743 236 7971,americanexpress;;;;;;
Moss,mcrosse8c,83-3771241,414 Porter Plaza,210 128 2991,diners-club-carte-blanche;;;;;;
Clayson,croads8d,04-7279269,01 Springs Avenue,585 721 3658,jcb;;;;;;
Ertha,edavaux8e,91-9267598,744 Mifflin Avenue,365 345 8766,diners-club-enroute;;;;;;
Zita,zbakhrushin8f,95-6347209,34028 Meadow Valley Hill,472 736 3534,mastercard;;;;;;
Chickie,cwildblood8g,36-9006009,7168 Oak Pass,435 812 6992,jcb;;;;;;
Davin,dhoggetts8h,96-7403027,6757 2nd Center,720 473 9640,jcb;;;;;;
Kelsey,kunderwood8i,67-9391548,6927 Meadow Vale Road,554 898 3667,jcb;;;;;;
Olin,ostonbridge8j,35-7062557,17 Maple Wood Junction,442 264 8693,diners-club-enroute;;;;;;
Levy,lbelshaw8k,71-0450343,64587 Sugar Alley,403 105 9646,jcb;;;;;;
Meade,msandiford8l,56-4756250,50 Hoffman Circle,828 619 8997,maestro;;;;;;
Flss,fcristofol8m,10-6807224,10 Main Way,758 157 4567,jcb;;;;;;
Odette,okeaves8n,84-6804161,8094 Granby Plaza,278 905 9922,mastercard;;;;;;
Auberta,atodd8o,56-3203934,6318 Killdeer Circle,865 180 6028,jcb;;;;;;
Doro,dmomery8p,97-8188481,263 Katie Court,490 361 0963,jcb;;;;;;
Ximenez,xcrain8q,99-8642929,213 Red Cloud Pass,433 729 8635,jcb;;;;;;
Babita,bbeverage8r,23-2580915,3494 Maple Plaza,382 934 8973,americanexpress;;;;;;
Larry,lrosenbloom8s,56-0100379,2577 Butternut Avenue,326 107 1423,maestro;;;;;;
Weider,wfee8t,10-8656517,564 Eagan Pass,355 428 3470,maestro;;;;;;
Sly,sbirkett8u,58-9373172,70126 Morningstar Court,831 978 6886,laser;;;;;;
Bernice,bginger8v,55-0699869,6 Bunting Point,645 501 9702,americanexpress;;;;;;
Archer,amerriday8w,66-7206407,6341 Dorton Plaza,164 709 7023,jcb;;;;;;
Brannon,bfenck8x,79-6365603,18153 Green Road,368 568 7309,americanexpress;;;;;;
Maxy,mfrankel8y,01-0158792,810 Meadow Vale Center,790 415 1017,americanexpress;;;;;;
Chen,cwinckles8z,02-0101221,52047 Lakeland Hill,807 481 5394,jcb;;;;;;
Junette,jwannell90,36-0963141,41406 6th Crossing,818 689 9775,china-unionpay;;;;;;
Debbie,dstanning91,50-1887584,091 Northridge Place,533 625 2037,jcb;;;;;;
Krysta,kgornal92,53-7485480,1276 Ilene Park,878 742 0313,diners-club-international;;;;;;
Aldwin,afosdick93,40-5562025,91 Gateway Junction,601 971 2353,mastercard;;;;;;
Tyne,ttern94,42-4876151,9 Browning Avenue,223 396 1307,jcb;;;;;;
Josiah,jplett95,77-9634038,6338 Magdeline Junction,983 538 9068,jcb;;;;;;
Cazzie,cpamplin96,17-6993939,4 Kim Trail,812 605 4933,jcb;;;;;;
Hertha,hstranahan97,74-8212797,491 Longview Point,328 329 3249,diners-club-us-ca;;;;;;
Aubrey,ahunnaball98,77-7278225,383 7th Pass,603 605 7836,jcb;;;;;;
Conrado,cmccarlich99,20-2113106,33152 Anzinger Lane,745 353 6525,visa-electron;;;;;;
Katinka,kinstone9a,74-3457276,5334 Susan Terrace,199 440 5293,diners-club-international;;;;;;
Gisele,gmaty9b,68-5593775,83541 Golf View Lane,895 459 3095,jcb;;;;;;
Lisette,lcowlam9c,10-6262380,9 Lawn Avenue,850 512 1314,jcb;;;;;;
Lil,lworshall9d,89-9355810,8 Mccormick Center,318 651 9319,switch;;;;;;
Kienan,kduffet9e,90-1315909,2 Mccormick Alley,735 632 8182,diners-club-carte-blanche;;;;;;
Uriel,ufozzard9f,98-4622187,49 Hazelcrest Point,580 431 8646,maestro;;;;;;
Odilia,obariball9g,54-8511559,8931 Mandrake Place,715 154 7202,visa-electron;;;;;;
Norry,nryhorovich9h,51-1031727,507 Vidon Park,545 729 8134,jcb;;;;;;
Katrine,kcove9i,83-5232976,56 Bonner Street,429 975 8891,mastercard;;;;;;
Renata,rventuroli9j,58-7872992,3006 Holmberg Road,215 315 4767,jcb;;;;;;
Deirdre,dbradbeer9k,70-5659114,5123 Carberry Crossing,837 880 6701,jcb;;;;;;
Myron,mmccrory9l,90-0451532,08040 Dovetail Center,106 505 2734,jcb;;;;;;
Orran,ocubbini9m,80-4521353,58 Hintze Center,940 542 3801,bankcard;;;;;;
Dillon,dvanderkruis9n,34-0186746,67 Haas Pass,829 758 7648,mastercard;;;;;;
Dee,dviggars9o,72-3613962,840 Russell Court,660 425 8872,visa-electron;;;;;;
Yuma,ydrinkel9p,41-3040191,41 Buell Street,629 186 2833,visa-electron;;;;;;
Jimmie,jebbrell9q,85-1071636,71888 Killdeer Court,142 207 6433,americanexpress;;;;;;
Bat,bambrogetti9r,24-3434727,14170 Vidon Court,348 820 0127,bankcard;;;;;;
Sullivan,slace9s,08-9179295,7299 High Crossing Avenue,517 534 5957,diners-club-us-ca;;;;;;
Ortensia,ojaye9t,50-0577422,35 Coleman Plaza,319 606 8500,maestro;;;;;;
Alasdair,aboler9u,17-4570940,3 Anthes Street,277 894 5094,jcb;;;;;;
Ted,tjahan9v,21-7147865,1 Grayhawk Plaza,106 854 9575,jcb;;;;;;
Colby,cgresty9w,86-2499438,1029 Nancy Crossing,434 978 3877,jcb;;;;;;
Parrnell,palsopp9x,66-9615917,8203 Barnett Pass,770 630 0421,mastercard;;;;;;
Heddi,hcharlewood9y,23-4141249,68382 2nd Crossing,113 196 4650,jcb;;;;;;
Natalee,nsindall9z,03-6720693,1 Mesta Street,700 732 0202,jcb;;;;;;
Cointon,cbotemana0,66-1997253,17471 International Plaza,997 949 7099,jcb;;;;;;
Thorny,thaslocha1,31-8861589,04 Cascade Way,993 801 8070,instapayment;;;;;;
Gwenette,gcrellima2,98-5073420,8 Vermont Terrace,143 709 0092,mastercard;;;;;;
Calhoun,cprujeana3,27-5325644,09302 Rockefeller Court,537 395 4551,jcb;;;;;;
Ladonna,lbrunta4,36-7826237,823 Holy Cross Junction,555 724 8761,americanexpress;;;;;;
Bevvy,bjuszczaka5,37-1427030,6652 Bobwhite Hill,236 589 1182,china-unionpay;;;;;;
Kynthia,kgreatbatcha6,33-8202981,74 Corben Road,539 448 5459,jcb;;;;;;
Gunter,gmockera7,81-4520689,664 Dakota Lane,835 550 0132,china-unionpay;;;;;;
Damaris,dpoundera8,27-1744744,74198 Di Loreto Terrace,735 822 1506,jcb;;;;;;
Cornela,cduberrya9,82-9936625,4 Delladonna Way,973 214 5638,jcb;;;;;;
Arden,afarebrotheraa,65-3213428,1648 Bartelt Parkway,159 727 1717,americanexpress;;;;;;
Barbey,blampsab,50-4498005,4146 Sugar Hill,884 407 7032,jcb;;;;;;
Hyman,hgreenstreetac,24-4996125,4 Jenifer Lane,766 646 0133,visa-electron;;;;;;
Dottie,djefferdad,23-7923435,13 Moulton Avenue,266 475 8984,jcb;;;;;;
Penrod,pandreiae,26-8485771,395 Independence Street,212 927 4044,jcb;;;;;;
Flint,fsnuggsaf,33-8658688,9987 Knutson Alley,691 411 8533,visa-electron;;;;;;
Ryley,rtoraldag,40-5539885,45791 Iowa Hill,845 216 5873,bankcard;;;;;;
Corena,claingmaidah,44-8871510,907 Gulseth Crossing,471 907 4490,jcb;;;;;;
Brodie,btringai,41-5171159,7 Talmadge Center,229 819 0623,switch;;;;;;
Hettie,hdudsonaj,02-3176828,9064 Truax Hill,409 327 2959,jcb;;;;;;
Roosevelt,rseilmannak,29-7522832,411 Green Ridge Junction,739 269 8110,mastercard;;;;;;
Raye,rjacquesal,89-8265640,73 Hollow Ridge Drive,973 935 4688,jcb;;;;;;
Frederic,fdawnayam,47-3591848,2 Monument Way,972 945 2432,jcb;;;;;;
Zackariah,zdrewcliftonan,60-3132790,37 Meadow Vale Place,506 798 6991,switch;;;;;;
Emmeline,eoatenao,53-0059837,7034 Lunder Street,851 642 3353,jcb;;;;;;
Linette,ljuanesap,97-8955556,0 Troy Road,675 200 6905,americanexpress;;;;;;
Torrin,tschonfeldaq,14-4407363,5 Continental Circle,835 348 4124,diners-club-carte-blanche;;;;;;
Byrann,battargear,79-1893919,59198 Stephen Point,767 916 3946,jcb;;;;;;
Eunice,ecallinghamas,45-0189700,3183 Derek Plaza,983 831 1691,visa-electron;;;;;;
Adamo,aguidiat,36-2876932,727 Pleasure Junction,660 919 2045,jcb;;;;;;
Trip,thargau,53-8608985,84005 Hauk Parkway,328 351 4529,visa;;;;;;
Saunderson,sbeersav,82-4238953,9 Debs Pass,931 495 5645,diners-club-enroute;;;;;;
Isiahi,ishoneaw,83-1346896,81 David Hill,451 184 0840,jcb;;;;;;
Nealy,njeanelax,40-5031314,11 Weeping Birch Trail,423 168 1113,jcb;;;;;;
Madalena,mcaudelieray,40-1107526,10816 Maple Terrace,633 238 8227,visa;;;;;;
Osbourne,oblaxlandaz,79-2282508,82268 Delladonna Avenue,311 796 0462,china-unionpay;;;;;;
Micky,mkitchinerb0,31-2384773,4 Park Meadow Avenue,528 297 4299,jcb;;;;;;
Leonid,lmartinonb1,34-0220682,26 Bultman Center,189 496 3985,mastercard;;;;;;
Andriana,afindingb2,23-6564108,3226 6th Road,447 592 8022,jcb;;;;;;
Sada,spietrasikb3,49-4835939,169 Utah Way,344 796 9935,diners-club-international;;;;;;
Barbabas,bkinnockb4,93-0370481,496 Golf Junction,427 917 0328,diners-club-enroute;;;;;;
Mordy,mbousteadb5,57-7827934,81 Del Sol Circle,638 354 4539,diners-club-carte-blanche;;;;;;
Dylan,dswansonb6,00-7555143,6668 Browning Court,639 570 7569,jcb;;;;;;
Alexa,aregglerb7,44-6765485,52589 Almo Circle,832 530 2871,jcb;;;;;;
Katey,kruslinb8,47-6012210,37417 Birchwood Way,752 379 5958,jcb;;;;;;
Joye,jgreenleesb9,44-5549090,32047 Haas Way,796 591 5111,jcb;;;;;;
Roze,rfieldsendba,71-6879948,3167 Sage Place,686 342 5795,americanexpress;;;;;;
Lemuel,lmouncherbb,20-6991678,26 Mayfield Place,570 675 2157,visa-electron;;;;;;
Inglis,ishoardbc,29-0118492,21687 Independence Road,387 364 6816,maestro;;;;;;
Barbi,btiplerbd,25-9617527,85 Loomis Hill,710 205 1410,diners-club-enroute;;;;;;
Theressa,tgouckbe,73-6197352,51310 Upham Lane,826 472 3600,mastercard;;;;;;
Ravid,rloraitbf,27-2777489,2 Dovetail Street,873 522 0448,maestro;;;;;;
Nissy,ngammagebg,83-5971917,0 Hovde Plaza,214 799 4785,visa-electron;;;;;;
Ysabel,yhellcatbh,21-8713891,164 Corry Road,417 651 0453,visa-electron;;;;;;
Arlyn,abridgenbi,37-7919211,5078 Charing Cross Center,803 769 5546,jcb;;;;;;
Lanita,lcruickshankbj,60-5880519,2876 Pleasure Parkway,950 398 1839,diners-club-carte-blanche;;;;;;
Theodore,trigardeaubk,98-0625763,86988 Heath Park,636 945 0459,maestro;;;;;;
Chlo,cmarquandbl,00-0384872,67289 Mccormick Crossing,729 869 1588,diners-club-carte-blanche;;;;;;
Grace,gmattiassibm,83-9506768,16070 Lakewood Gardens Crossing,858 806 1798,instapayment;;;;;;
Lief,lsheronbn,57-9546426,65 Dennis Point,157 889 9960,china-unionpay;;;;;;
Clio,ccarillobo,01-3723381,22 Grover Pass,488 483 0524,jcb;;;;;;
Ileane,ismalesbp,73-3090301,25205 Lyons Park,930 866 2957,jcb;;;;;;
Graham,gadvanibq,60-8748012,31 Oxford Drive,318 890 7941,instapayment;;;;;;
Malia,mccominibr,94-3529029,29 Hansons Trail,739 435 6221,jcb;;;;;;
Benson,bsvaninibs,67-4696612,52332 Grayhawk Pass,520 208 5200,switch;;;;;;
Bartlett,bleberbt,40-4351382,13 Crownhardt Road,619 413 1822,mastercard;;;;;;
Janelle,jchoakebu,03-1737477,7088 Gina Terrace,809 738 9829,jcb;;;;;;
Thorsten,tholbarrowbv,15-9844062,5 Grasskamp Avenue,233 248 3851,americanexpress;;;;;;
Kearney,ktrumpeterbw,74-1493382,04 South Center,555 594 6388,maestro;;;;;;
Mommy,msimeonsbx,66-5421088,92 Golf Course Place,196 143 6957,jcb;;;;;;
Dallon,dpedlarby,39-0337482,62 Morningstar Alley,171 673 8695,switch;;;;;;
Georg,glubeckbz,33-7368995,474 Sloan Avenue,532 489 4472,visa;;;;;;
Ira,idillewayc0,55-5386377,497 Pawling Alley,844 454 8510,jcb;;;;;;
Bambie,bkerriganc1,86-8437969,0143 Mosinee Point,776 536 2935,diners-club-us-ca;;;;;;
Bunny,bcowerdc2,18-6984421,3649 Paget Park,528 801 0034,maestro;;;;;;
Torrance,tgatelyc3,11-4488521,76772 Dennis Plaza,479 752 7307,jcb;;;;;;
Darn,dchasemoorec4,11-1941801,27 Hoepker Hill,857 508 3698,diners-club-carte-blanche;;;;;;
Rodolphe,rtalesc5,23-0442706,2 Anzinger Terrace,751 453 1907,china-unionpay;;;;;;
Prudi,pgirtinc6,15-3707838,8503 Erie Pass,785 307 9621,jcb;;;;;;
Daryn,dmcwhinc7,14-3105511,51931 Mitchell Park,270 772 9505,jcb;;;;;;
Thaddus,tnorawayc8,24-8895333,9 Pond Alley,681 213 2325,jcb;;;;;;
Ole,opagettc9,19-0843902,575 Del Mar Circle,520 851 7737,diners-club-us-ca;;;;;;
Teddie,twormaldca,54-7483090,5 Talmadge Street,188 643 3740,visa;;;;;;
Farlie,fsoggcb,18-8239613,37799 Thompson Lane,465 370 4971,mastercard;;;;;;
Heddi,hlardercc,69-5834023,44534 Springs Point,866 743 0574,china-unionpay;;;;;;
Frasier,ffoundscd,05-9552913,34 Dixon Hill,763 401 3433,maestro;;;;;;
Nikaniki,nconnechyce,07-4064600,25174 Buell Circle,688 295 5284,bankcard;;;;;;
Ezechiel,eshelpercf,21-0905960,17 Garrison Road,997 559 3352,bankcard;;;;;;
Christoper,cgouchcg,40-3130618,75 International Drive,400 233 6851,visa-electron;;;;;;
Lincoln,lumbersch,18-8378279,59 Wayridge Hill,652 519 5833,switch;;;;;;
Cecilla,ccheverellci,57-7079250,3541 Arrowood Alley,647 490 0946,china-unionpay;;;;;;
Ira,iordemanncj,17-5725714,6 Marquette Hill,808 867 8495,jcb;;;;;;
Bond,bduranck,69-9815591,9854 Ridge Oak Trail,175 929 8401,jcb;;;;;;
Paulo,pfarrancecl,23-3940905,48 Little Fleur Trail,368 722 7033,solo;;;;;;
Lucille,lwhitefordcm,31-1019766,83 South Park,714 855 5439,jcb;;;;;;
Clemente,cjacsoncn,44-7628516,0 Roth Place,658 928 5402,jcb;;;;;;
Sherm,sjakoubekco,37-3868156,5643 Merry Hill,433 104 7931,switch;;;;;;
Daniella,ddunseathcp,02-7964208,780 Portage Street,148 265 8612,visa;;;;;;
Adriaens,adewicq,64-5827821,32151 Manufacturers Lane,826 329 0855,jcb;;;;;;
Arel,adonnecr,88-6530944,87 Victoria Drive,807 578 6074,china-unionpay;;;;;;
Sarita,sandryushchenkocs,95-5880412,2 Ohio Hill,501 604 7097,visa-electron;;;;;;
Lanna,lclaypolect,43-6301431,69418 5th Park,528 281 2841,jcb;;;;;;
Penrod,psigertcu,75-7358136,318 Manitowish Crossing,795 592 2329,maestro;;;;;;
Barny,babrahamscv,93-2090285,564 Rockefeller Park,133 948 0920,jcb;;;;;;
Duffy,dmoraleecw,13-9414803,927 Birchwood Court,749 187 5551,bankcard;;;;;;
Weber,wmcfaellcx,98-7067758,3129 Northland Lane,550 831 8617,jcb;;;;;;
Ferdie,ftunnicliffcy,76-1366562,91638 Mosinee Crossing,188 543 5510,jcb;;;;;;
Shelbi,speoplescz,03-2193169,4982 Spenser Parkway,201 735 8341,jcb;;;;;;
Mariann,mfloodd0,38-0562700,39842 Sommers Court,731 195 0212,jcb;;;;;;
Clarine,cburmand1,78-8967183,149 Emmet Hill,707 957 9279,visa;;;;;;
Derrik,ddaniheld2,05-0802185,0 Scott Street,599 783 4949,americanexpress;;;;;;
Berrie,bbideweld3,02-1683118,99 Heath Plaza,891 956 6835,bankcard;;;;;;
Jules,jpucknelld4,08-7259882,87707 Rockefeller Lane,699 852 0112,jcb;;;;;;
Booth,bferrottid5,84-3615974,0 Maryland Place,128 463 1754,jcb;;;;;;
Korella,kbuneyd6,98-2003859,8793 Waxwing Crossing,438 210 7369,maestro;;;;;;
Elonore,emehargd7,72-2439979,72 Green Ridge Terrace,574 234 0273,jcb;;;;;;
Letitia,lpratleyd8,29-5520234,2573 Bultman Court,282 678 4800,laser;;;;;;
Belinda,bdacostad9,14-0163327,3 Algoma Plaza,446 603 3688,americanexpress;;;;;;
Buck,bdanatda,25-0539713,07 Badeau Circle,703 614 2385,jcb;;;;;;
Griffy,gtitmussdb,76-8585879,868 Toban Lane,413 398 9670,jcb;;;;;;
Elvyn,edaversdc,61-5124789,14379 Pawling Pass,875 524 6965,diners-club-enroute;;;;;;
Mab,mhalleydd,42-4373151,208 West Pass,946 381 3441,visa-electron;;;;;;
Caleb,ccollende,10-9410461,467 Mitchell Junction,658 283 5107,americanexpress;;;;;;
Hubey,hschukraftdf,98-7629502,008 Cordelia Avenue,573 257 8813,bankcard;;;;;;
Liane,lferreiradg,00-6675138,6 Crescent Oaks Circle,694 596 6459,jcb;;;;;;
Roland,rdudlistondh,75-6373939,497 Dennis Drive,699 545 4444,mastercard;;;;;;
Murielle,mfisherdi,57-0169469,11 La Follette Center,493 414 7648,maestro;;;;;;
Carmelina,clivickdj,45-3001810,28 Vernon Drive,151 504 2863,jcb;;;;;;
Donn,dbraidleydk,77-5793131,4 Forest Dale Hill,613 262 7351,mastercard;;;;;;
Hadleigh,hsinncockdl,91-0149611,49 Glacier Hill Avenue,531 590 7108,visa;;;;;;
Spike,sspellecydm,05-4850255,2038 North Road,998 612 6181,mastercard;;;;;;
Linzy,lhamberstondn,77-5063562,345 Rigney Circle,598 622 2673,maestro;;;;;;
Tommy,tsawarddo,52-5880732,32 Oxford Park,656 601 9322,jcb;;;;;;
Lina,lharrowsmithdp,13-2264933,51837 Sunnyside Place,370 974 7057,diners-club-carte-blanche;;;;;;
Brian,bmilvertondq,72-4551142,8859 Northridge Crossing,501 380 8491,jcb;;;;;;
Elwira,ejorezdr,80-3222642,7 Nobel Parkway,445 230 8895,jcb;;;;;;
Cherry,cmcsherryds,73-6361707,1621 Shasta Park,326 703 2953,bankcard;;;;;;
Svend,sconrarddt,95-7422519,56 Summer Ridge Plaza,615 807 8556,jcb;;;;;;
Burke,blombdu,73-1515497,82 Mariners Cove Place,829 437 5499,maestro;;;;;;
Odey,oroubydv,42-8313373,34 Claremont Court,649 987 8913,americanexpress;;;;;;
Gregory,gailsburydw,77-2599705,14 Larry Way,163 215 3435,americanexpress;;;;;;
Daron,dtroyesdx,44-3772249,1 Florence Pass,939 570 3734,jcb;;;;;;
Garrick,gdomaschkedy,03-1354489,1 Arrowood Terrace,249 527 9435,visa-electron;;;;;;
Elana,estollerdz,40-9636136,106 Gale Lane,929 457 2046,jcb;;;;;;
Izak,iabreye0,05-9204134,98 Emmet Trail,347 336 5853,diners-club-us-ca;;;;;;
Lutero,lgarne1,36-5419550,02840 Stoughton Way,773 775 0569,diners-club-enroute;;;;;;
Jorie,jstollie2,17-2041519,19 Oak Valley Parkway,674 140 7294,jcb;;;;;;
Steffie,sobraddene3,22-4439220,356 Havey Alley,459 212 9623,switch;;;;;;
Boniface,bfreethe4,08-7028221,58 Dunning Court,501 468 7336,jcb;;;;;;
Addy,afairleme5,11-1657403,40055 Paget Avenue,986 314 8352,maestro;;;;;;
Lindsey,lgariffe6,06-6241621,37 Corben Avenue,982 181 3866,jcb;;;;;;
Carlee,cchurchere7,88-4524348,1596 Village Green Park,422 663 5138,mastercard;;;;;;
Henka,hmulqueenye8,49-9870410,14424 Service Lane,514 442 9361,laser;;;;;;
Sibbie,skeeneye9,27-6702799,87 Lotheville Point,500 445 0722,jcb;;;;;;
Alistair,ameadusea,85-8366690,6036 Kim Avenue,282 951 1708,jcb;;;;;;
Rosette,rninnolieb,79-7052605,53387 Bellgrove Terrace,941 639 4137,diners-club-enroute;;;;;;
Imogene,imapledooreec,74-2544917,8947 Heath Crossing,828 456 2369,jcb;;;;;;
Fern,fidwalevansed,38-2137103,6939 Toban Way,225 893 3000,maestro;;;;;;
Dorene,djanotaee,88-9224504,391 Erie Place,939 794 5643,jcb;;;;;;
Harriett,hwheildonef,01-5701958,069 Merrick Hill,560 622 1123,jcb;;;;;;
Esme,ebrancaeg,08-1256088,86 Chive Point,331 213 2742,laser;;;;;;
Ruth,rthaineh,84-1313098,638 Rigney Place,315 777 5693,jcb;;;;;;
Perry,prattenberieei,20-8502237,0 Rockefeller Junction,517 133 3665,americanexpress;;;;;;
Kort,kmassimiej,33-4898583,8965 Manufacturers Plaza,842 277 4840,jcb;;;;;;
Hoebart,htompkinsonek,78-4616094,8662 Magdeline Center,484 545 8021,jcb;;;;;;
Kalinda,ksherryel,70-7647580,70569 Northwestern Lane,119 745 2290,maestro;;;;;;
Minna,mfrickeem,25-0481008,4766 Darwin Place,155 927 3741,visa-electron;;;;;;
Mirella,mocannovaneen,23-9465984,14 Stoughton Road,231 241 0294,jcb;;;;;;
Tawnya,tkennellyeo,69-7515828,5 Fairview Place,796 313 2328,jcb;;;;;;
Alvinia,amactrustyep,22-8023540,9 Grayhawk Avenue,583 149 5265,mastercard;;;;;;
Terry,tleggeneq,31-1235860,60416 Summerview Street,830 839 3759,jcb;;;;;;
Paco,pwolfindaleer,26-0356000,4468 Summer Ridge Center,158 549 0375,switch;;;;;;
Georgeanne,gportlockes,50-1663217,1 School Park,807 310 4882,jcb;;;;;;
Almeda,apeirceet,37-4276809,25 Corben Circle,158 338 5734,jcb;;;;;;
Nariko,ntitteu,74-4558337,18 Upham Avenue,966 554 9959,maestro;;;;;;
Piper,pshirlandev,58-0202477,3664 Starling Court,323 731 4539,jcb;;;;;;
Piper,pblasiakew,83-1753912,78 Schiller Alley,772 537 7568,jcb;;;;;;
Martie,mvanderbekenex,44-8018998,22 Morningstar Point,971 857 1102,mastercard;;;;;;
Malorie,mkrochey,97-1514079,3 Lake View Avenue,319 984 3661,switch;;;;;;
Annecorinne,atremberthez,31-0878559,5 Mendota Plaza,318 984 7792,instapayment;;;;;;
Aeriela,awolfef0,60-3412496,6239 Moland Place,513 591 3148,jcb;;;;;;
Datha,dantonssonf1,15-1915421,7440 Schlimgen Park,556 749 1752,jcb;;;;;;
Regine,redmondsonf2,08-4611098,2 Londonderry Crossing,103 185 5497,jcb;;;;;;
Rodolph,rdorotf3,53-3630277,1 Rutledge Alley,748 381 5545,jcb;;;;;;
Carney,cglaysherf4,52-9188953,63 Valley Edge Lane,382 334 5991,bankcard;;;;;;
Nealon,nmaruszewskif5,82-9549370,1 Nova Street,230 763 9560,mastercard;;;;;;
Ariadne,alorencef6,72-5935716,6 Randy Road,608 874 7293,china-unionpay;;;;;;
Sharlene,slewryf7,76-4968432,97102 Mariners Cove Park,119 660 9231,jcb;;;;;;
Diann,dblameyf8,65-1027617,761 Pankratz Way,532 680 7208,mastercard;;;;;;
Evelyn,edykaf9,00-2280758,425 Buell Drive,600 361 1741,mastercard;;;;;;
Perle,pwyldfa,78-7461277,3 Hauk Crossing,634 939 8434,jcb;;;;;;
Fifi,fsnowdingfb,88-0632376,265 Granby Street,142 835 6810,maestro;;;;;;
Rube,rsalternefc,54-8436482,6 Di Loreto Terrace,154 878 8875,china-unionpay;;;;;;
Eliza,egeorgotfd,29-4480243,0513 Linden Terrace,888 662 4054,jcb;;;;;;
Ebony,evittorife,98-2664051,59925 Sherman Point,713 295 8925,americanexpress;;;;;;
Welbie,wrichardotff,60-0041988,191 Washington Pass,456 344 2021,jcb;;;;;;
Sandy,smacewanfg,12-4714308,21067 Brown Pass,292 302 6273,americanexpress;;;;;;
Anallise,ayoutheadfh,76-6809585,63494 Rigney Circle,987 460 0789,bankcard;;;;;;
Sammy,sbeekmannfi,26-8401099,56612 Towne Place,471 941 5609,jcb;;;;;;
Sara,sliveleyfj,56-1626875,63 Golf Course Lane,711 287 9058,china-unionpay;;;;;;
Augustin,acollyfk,14-5727671,0 Lunder Street,192 219 4353,instapayment;;;;;;
Nickolai,nlawlingsfl,93-5543224,709 Arizona Junction,349 932 0800,jcb;;;;;;
Sumner,smcgowranfm,94-4354629,8 Melrose Terrace,412 314 6348,americanexpress;;;;;;
Katha,kfarnfn,35-5908618,27910 Muir Center,253 740 9667,jcb;;;;;;
Rachel,rbrooksbiefo,63-1610649,83 Bluejay Pass,336 308 9586,jcb;;;;;;
Ivy,icrickmorefp,85-3451740,14578 Reinke Crossing,612 333 9013,diners-club-enroute;;;;;;
Hogan,hcallowayfq,17-1101554,06 Gale Lane,468 586 0901,mastercard;;;;;;
Jeniece,jfoucarfr,38-8514747,0 Basil Center,319 246 8720,jcb;;;;;;
Timi,twankelfs,81-8059302,28 Twin Pines Trail,245 526 2380,mastercard;;;;;;
Pincus,pboasft,58-2208353,10 Di Loreto Pass,353 698 8819,jcb;;;;;;
Andree,aallistonfu,70-8082592,9 Hooker Court,911 543 3543,jcb;;;;;;
Cesare,cnaishfv,14-7403149,8048 Weeping Birch Point,455 572 6455,americanexpress;;;;;;
Polly,pwilliamsonfw,90-8208783,0356 Crowley Plaza,290 822 8247,maestro;;;;;;
Court,crissomfx,55-1720461,8028 Cordelia Drive,300 110 6805,switch;;;;;;
Kurt,kbehlingfy,75-0117632,17397 Canary Way,747 809 2231,jcb;;;;;;
Coretta,ctrewarthafz,31-4081576,9699 Grasskamp Avenue,626 667 9974,jcb;;;;;;
Tasia,tleacockg0,71-1696640,67 Lakeland Lane,897 469 2691,americanexpress;;;;;;
Waylan,wcarreng1,75-6125112,68 Judy Hill,408 884 3620,jcb;;;;;;
Towny,tsandhamg2,45-6408111,07561 Brown Drive,510 335 8396,jcb;;;;;;
Pammi,pperrottg3,95-9922080,4 Meadow Vale Way,538 687 8654,diners-club-enroute;;;;;;
Lucille,lmacrierieg4,06-7113062,760 Paget Crossing,510 479 3949,jcb;;;;;;
Dorothea,dburdoung5,86-3911516,887 Menomonie Road,632 720 7156,instapayment;;;;;;
Cheslie,cmccoskerg6,93-3426100,45 Victoria Plaza,903 515 5317,maestro;;;;;;
Ara,amazellag7,62-3426189,7 Merry Alley,236 696 9747,maestro;;;;;;
Hayes,hwyong8,05-1073147,90 Service Center,773 959 4224,jcb;;;;;;
Wilden,wangerg9,85-4569227,552 Brentwood Road,944 524 1959,instapayment;;;;;;
Chantal,celsterga,00-5153139,88 Schlimgen Terrace,933 689 6910,jcb;;;;;;
Reg,rgreenwellgb,52-3111602,491 Utah Lane,469 761 7516,jcb;;;;;;
Donielle,ddiglingc,81-4035054,72 Mitchell Parkway,676 711 3717,mastercard;;;;;;
Elisha,ekitchenmangd,36-5738207,33417 Waywood Point,902 108 3190,jcb;;;;;;
Christiano,cmillettge,67-0381619,33594 7th Parkway,226 906 6260,bankcard;;;;;;
Etan,espreygf,36-1577744,34 Sunbrook Street,764 689 0408,jcb;;;;;;
Claudetta,cdenyukingg,57-9593198,71 5th Terrace,902 353 6491,mastercard;;;;;;
Shanna,shannantgh,99-1713096,68 Blaine Plaza,166 359 8533,jcb;;;;;;
Iseabal,iarpegi,02-3638041,48 Kennedy Parkway,486 157 2256,mastercard;;;;;;
Pietro,pstairmondgj,54-1065170,89 Havey Terrace,524 238 3718,visa;;;;;;
Lindsay,lhumpherygk,93-5185728,222 Clemons Lane,867 112 3786,laser;;;;;;
Jeanette,jmitrovicgl,10-1901117,41599 Prentice Alley,698 306 8366,maestro;;;;;;
Tobye,tstennersgm,33-1893395,4 Ridgeview Junction,556 353 0697,jcb;;;;;;
Orbadiah,odrowsfieldgn,00-9079883,82082 Clarendon Place,613 196 3363,jcb;;;;;;
Chelsie,cmunslowgo,58-8742030,7357 Veith Street,627 427 8766,americanexpress;;;;;;
Jemmie,jocannavangp,86-9653800,961 Morningstar Plaza,597 190 6626,instapayment;;;;;;
Giselbert,ghickinbottomgq,91-1843273,0338 Golden Leaf Park,670 644 2020,diners-club-carte-blanche;;;;;;
Wilhelm,wfeatherstonegr,05-0234596,8185 Aberg Crossing,419 121 8524,visa;;;;;;
Deena,dcreeboegs,54-0085739,33 Londonderry Street,380 252 1609,diners-club-enroute;;;;;;
Taryn,tmoscogt,22-5021956,75927 Maryland Plaza,598 714 7811,maestro;;;;;;
Clary,cwenbangu,63-7982841,0956 Karstens Alley,250 778 2632,jcb;;;;;;
Celinka,ccaddockgv,66-1111762,913 Schurz Pass,658 880 8096,laser;;;;;;
Rory,rhablotgw,77-6008017,44 Emmet Junction,820 557 7236,americanexpress;;;;;;
Jannel,jbrouardgx,29-3382741,89 Algoma Terrace,746 160 5352,switch;;;;;;
Alvy,abarfordgy,51-9971638,0335 Morningstar Park,711 247 4034,jcb;;;;;;
Kerri,kbenettinigz,50-0293250,8904 Tennyson Park,356 546 4929,jcb;;;;;;
Merv,mhydesh0,11-0849346,4 Kingsford Pass,151 411 7995,jcb;;;;;;
Si,svescovinih1,04-6465824,09610 Park Meadow Avenue,639 792 1105,diners-club-enroute;;;;;;
Isak,iransonh2,21-7118374,17470 Crownhardt Pass,956 722 3330,maestro;;;;;;
Isa,ijennemannh3,11-9950826,8977 Bultman Alley,127 610 5472,bankcard;;;;;;
Robina,reddingtonh4,51-5116804,507 Swallow Junction,949 649 3053,jcb;;;;;;
Ambrosi,acribbinh5,83-8640640,1 Sheridan Drive,957 298 9889,maestro;;;;;;
Karlene,kgergeh6,39-7071823,30 East Center,464 521 9248,switch;;;;;;
Sully,sjannh7,89-8192230,9 Dakota Center,770 554 9066,jcb;;;;;;
Wallis,wuziellih8,66-3839321,7 Vernon Court,934 184 5549,jcb;;;;;;
Michaela,mchalkeh9,14-1150537,95 Arrowood Park,837 898 1090,visa;;;;;;
Melicent,mtollidayha,52-9885358,880 Melby Pass,816 256 4390,jcb;;;;;;
Kara,krathbournehb,88-7468385,38413 Cody Drive,216 499 5087,laser;;;;;;
Erhard,etoplinghc,18-0892487,49868 Elmside Trail,665 768 2113,jcb;;;;;;
Perice,pwinmillhd,74-1099375,095 Corry Court,364 252 1655,visa-electron;;;;;;
Warren,wgethousehe,14-2493035,10147 Heffernan Way,323 823 8884,instapayment;;;;;;
Muire,myolehf,04-3655217,670 Del Mar Parkway,297 506 6940,china-unionpay;;;;;;
Eward,eminithorpehg,55-5997212,07 Novick Alley,247 775 6154,visa-electron;;;;;;
Cooper,ctunnicliffehh,29-2779201,4777 Daystar Street,504 416 5431,jcb;;;;;;
Elsinore,ecollicotthi,32-9107850,0 Browning Park,161 930 0564,mastercard;;;;;;
Shermie,sgoodenhj,95-7883801,78 Schlimgen Terrace,626 471 1166,maestro;;;;;;
Annamarie,aosminthk,82-9412763,33 Menomonie Road,421 571 5511,jcb;;;;;;
Giana,gadlardhl,63-5806323,80436 Carey Center,284 891 6651,maestro;;;;;;
Florella,fbuchananhm,60-4595302,9 Spenser Pass,507 971 4557,china-unionpay;;;;;;
Daniela,dbonwickhn,95-2755524,77 Green Pass,450 196 2992,mastercard;;;;;;
Adham,amantrippho,18-1423465,5515 Ronald Regan Place,737 108 9128,switch;;;;;;
Benny,bstoltehp,44-7759961,4 Chinook Trail,249 702 5285,jcb;;;;;;
Penny,ploadmanhq,48-3698867,1561 Dapin Center,153 705 4866,jcb;;;;;;
Sofia,smacterlaghhr,53-0024966,5316 8th Drive,535 494 4668,jcb;;;;;;
Roze,rstrowgerhs,06-0351959,242 Pankratz Road,169 335 0073,laser;;;;;;
Boigie,bdunnettht,52-5572327,60948 1st Point,788 839 7625,jcb;;;;;;
Daven,degerhu,31-5770156,47438 Cascade Junction,547 477 0281,jcb;;;;;;
Nerti,nhugnethv,19-0712435,6 Merchant Park,774 361 2430,jcb;;;;;;
Towney,twanderschekhw,65-4378827,5409 Bayside Street,743 605 1576,jcb;;;;;;
Igor,iglasheenhx,73-4690798,5426 Lakeland Alley,280 157 3309,jcb;;;;;;
Adlai,acircuithy,53-4685783,01460 Florence Hill,574 599 3599,jcb;;;;;;
Evelyn,ejerischhz,86-4767423,6910 Clarendon Way,445 423 4525,switch;;;;;;
Carlie,cedgworthi0,55-2562654,0 Blue Bill Park Trail,338 243 4150,jcb;;;;;;
Janeczka,jelcoati1,95-6480495,1 Everett Terrace,910 817 1442,maestro;;;;;;
Stanislaw,sbarkasi2,06-2407358,851 Randy Avenue,171 606 9686,jcb;;;;;;
Quill,qmacmenamini3,66-7610672,71404 Luster Street,546 991 4304,instapayment;;;;;;
Dominic,dfadiani4,27-5868303,8 Eagle Crest Crossing,764 337 1416,jcb;;;;;;
Leeanne,lpoulsoni5,85-7173387,6 Anzinger Circle,325 946 1306,visa;;;;;;
Edik,elammertzi6,27-6591789,400 Boyd Avenue,777 423 1225,jcb;;;;;;
Leeann,ldavidssoni7,55-9327268,027 Barnett Alley,611 668 4770,maestro;;;;;;
Francesco,fcornalli8,41-4639482,1 Merrick Street,900 235 2391,jcb;;;;;;
Josiah,jschuelckei9,44-3418347,412 Heath Lane,399 650 5586,maestro;;;;;;
Gawain,gdanielskyia,07-3614019,51103 Village Road,507 753 8620,jcb;;;;;;
Louisette,lsilversmidib,05-7696019,32955 Tony Junction,755 849 3820,jcb;;;;;;
Francois,fmaccoughenic,62-0812098,891 Spohn Drive,740 902 8989,americanexpress;;;;;;
Michal,mtownsendid,00-7372558,0 Crescent Oaks Lane,892 183 6646,jcb;;;;;;
Dag,dmeesie,00-3774859,80146 Mayer Street,136 722 9161,jcb;;;;;;
Cesya,ctolworthyif,76-1793861,9640 American Way,267 716 7802,mastercard;;;;;;
Rolfe,rivashovig,53-0457014,4 Pankratz Circle,456 114 7555,jcb;;;;;;
Constance,cdehnih,07-0398928,140 Reinke Avenue,843 340 0804,mastercard;;;;;;
Edgar,egurwoodii,34-4851686,57 Blue Bill Park Terrace,195 339 8428,visa;;;;;;
Anatola,alittlecoteij,23-8555488,03 Mosinee Hill,534 323 9589,bankcard;;;;;;
Armstrong,ahairyesik,59-5605199,82097 Dennis Court,937 229 7609,china-unionpay;;;;;;
Tiebout,tclynmansil,09-6828227,29216 Laurel Junction,319 415 6984,mastercard;;;;;;
Cart,cellisim,81-8023035,1448 Huxley Trail,878 663 6637,laser;;;;;;
Amerigo,azorziin,02-4524573,9 Bashford Lane,150 934 5050,china-unionpay;;;;;;
Muire,mskeatesio,13-0542932,305 Independence Point,702 115 9700,diners-club-carte-blanche;;;;;;
Emlyn,econgreveip,08-1922817,3 Clemons Lane,931 596 1210,jcb;;;;;;
Rachel,rfontiq,13-5329361,775 Forster Avenue,992 338 9627,switch;;;;;;
Yurik,ydodsworthir,81-8914548,77911 Canary Parkway,888 863 7351,jcb;;;;;;
Corilla,clearmanis,55-4343747,326 Tomscot Terrace,576 469 8927,mastercard;;;;;;
Mickie,mgutersonit,53-2404525,0 Sunbrook Park,871 596 8121,diners-club-us-ca;;;;;;
Franzen,fkitheriu,79-3920939,59993 Continental Trail,852 738 2018,visa;;;;;;
Electra,efedorskiiv,44-6504484,42558 Duke Drive,448 922 8297,visa;;;;;;
Rahel,rkarchewskiiw,72-6599193,6585 Kinsman Avenue,708 423 8894,visa;;;;;;
Marcelle,mmacandrewix,56-9152092,9 Caliangt Plaza,685 841 8473,china-unionpay;;;;;;
Sella,scockshttiy,21-1045037,1 Golf Way,260 530 8486,jcb;;;;;;
Janina,jmccaskilliz,67-7535724,7 Westerfield Center,701 994 4351,jcb;;;;;;
Nicky,nberndtssenj0,47-4595815,77 Mayfield Place,724 514 6691,maestro;;;;;;
Laurette,lsampeyj1,39-0491680,19759 Pankratz Avenue,470 289 1328,instapayment;;;;;;
Urbano,umcvanej2,44-9209879,16948 Eagle Crest Terrace,913 103 6821,diners-club-carte-blanche;;;;;;
Heriberto,hsustonj3,31-5608404,07511 Corben Center,738 345 3849,visa-electron;;;;;;
Wandis,wjorryj4,63-2177984,03813 Florence Place,196 797 7067,jcb;;;;;;
Hobie,hlaurentj5,27-3900709,989 Fair Oaks Plaza,603 918 8846,jcb;;;;;;
Georgeanna,gkeasyj6,65-0127351,73878 Linden Hill,577 354 6024,visa-electron;;;;;;
Kinnie,kburghillj7,06-4036863,7042 Killdeer Way,368 439 1813,americanexpress;;;;;;
Deane,dlearoydj8,30-4818078,65436 Westend Circle,553 378 5731,bankcard;;;;;;
Robby,rgiorgioj9,28-2461700,73048 Porter Terrace,181 525 4875,diners-club-enroute;;;;;;
Dewain,dtestroja,31-1105126,7427 Merchant Street,916 658 3705,mastercard;;;;;;
Valentia,vhowsegojb,11-7139248,92 Hagan Road,709 187 0530,visa-electron;;;;;;
Berkly,bcuruclisjc,21-9753052,7 Vernon Place,368 334 1422,jcb;;;;;;
Kali,kflemmingjd,62-6555584,54239 Birchwood Hill,138 740 4106,jcb;;;;;;
Jarret,jkettlesje,38-1304373,68 Grim Drive,564 992 7013,jcb;;;;;;
Al,abrugmannjf,07-6126845,19095 Veith Place,209 585 1285,jcb;;;;;;
Georgette,gdelafoyjg,92-6407019,8 Sheridan Park,318 783 4020,maestro;;;;;;
Cleopatra,ccasollajh,71-0776516,82 Sherman Court,642 874 9117,diners-club-carte-blanche;;;;;;
Torie,tchambersji,02-7626145,39 Bunker Hill Trail,817 669 6571,jcb;;;;;;
Mycah,mbrugsmajj,79-4875304,3463 Spenser Street,711 803 2342,jcb;;;;;;
Alphard,acorfieldjk,75-1715344,3 Merrick Street,695 957 3509,jcb;;;;;;
Ronnica,rbetancourtjl,59-0324614,9 Messerschmidt Pass,435 879 6404,diners-club-carte-blanche;;;;;;
Leodora,lstedmanjm,19-8804051,0711 Schmedeman Parkway,946 691 7333,diners-club-us-ca;;;;;;
Basia,bomonahanjn,92-3845981,33279 Starling Junction,432 207 1389,jcb;;;;;;
Ramsey,rplumerjo,84-1835544,2507 Quincy Point,676 506 4800,jcb;;;;;;
Allyce,afoanjp,95-1702244,8267 Canary Plaza,186 133 1309,maestro;;;;;;
Kyrstin,kmattkejq,30-0951512,0 Marquette Crossing,370 950 3484,switch;;;;;;
Sidonnie,streejr,73-2909298,6677 Sullivan Court,836 458 2320,jcb;;;;;;
Berna,bedgarsjs,70-8340751,00 Prairieview Pass,612 495 3130,mastercard;;;;;;
Penelope,pebhardtjt,79-5975136,228 Buena Vista Parkway,402 923 4966,jcb;;;;;;
Leela,lseamanju,45-0889584,63843 Oak Hill,129 370 7534,jcb;;;;;;
Vincenz,vcumminejv,54-7900952,85278 Schmedeman Crossing,988 106 2360,jcb;;;;;;
Shane,sduddanjw,31-5824429,27 North Junction,125 760 6342,china-unionpay;;;;;;
Gayler,ggreenhilljx,60-8585074,42 Amoth Point,422 324 0458,jcb;;;;;;
Morlee,mbigmorejy,71-3318235,6647 Mitchell Circle,615 687 2129,jcb;;;;;;
Edward,eheaslipjz,67-2354124,96920 Moose Park,629 746 4555,jcb;;;;;;
Verna,vsawkink0,57-8239929,36 Dawn Parkway,276 358 3760,americanexpress;;;;;;
Florencia,fgreedingk1,49-7400177,512 Namekagon Alley,186 678 4234,americanexpress;;;;;;
Stephi,sgarmonsk2,57-0782306,10027 Derek Plaza,741 269 2219,diners-club-enroute;;;;;;
Shaine,shubatschk3,69-5788379,144 Carpenter Way,549 888 1926,bankcard;;;;;;
Lanny,lcargenk4,99-8541777,63 Talisman Park,617 761 5783,mastercard;;;;;;
Angele,askelbeckk5,25-5908785,0976 Comanche Point,332 840 5471,diners-club-us-ca;;;;;;
Zitella,zedgeleyk6,77-9985554,08 Tennyson Park,775 136 0287,jcb;;;;;;
Nadiya,ndrinank7,43-1253040,36992 Chinook Avenue,653 387 1296,visa;;;;;;
Molly,mprobatk8,03-0499664,07 Lunder Center,581 888 0520,diners-club-carte-blanche;;;;;;
Nat,nrolstonek9,77-5968569,36 Garrison Center,373 144 0106,instapayment;;;;;;
Farand,fraviluska,24-3070794,008 Fordem Point,181 126 2475,china-unionpay;;;;;;
Sean,smitchamkb,79-2447615,9 Lindbergh Trail,576 570 4552,switch;;;;;;
Franny,frogeonkc,58-4135394,5 Quincy Trail,905 805 4389,switch;;;;;;
Hali,havelinekd,87-6993671,33349 Thierer Hill,857 485 0586,bankcard;;;;;;
Paolina,pgemnettke,40-9954158,0 Mallory Road,661 590 3371,instapayment;;;;;;
Hope,hmillenkf,42-9432936,059 Holmberg Plaza,837 591 3577,americanexpress;;;;;;
Edvard,edallawaykg,40-9674301,291 Crownhardt Point,674 790 5231,bankcard;;;;;;
Sherrie,sstoakleykh,54-7852543,2006 Darwin Terrace,907 360 1420,americanexpress;;;;;;
Frank,fgrimwadki,42-4294898,5 Luster Park,632 307 8428,diners-club-enroute;;;;;;
Alick,abaddeleykj,76-4174003,35 Armistice Road,326 272 6134,jcb;;;;;;
Patten,proyanskk,51-9242941,4 Darwin Hill,867 141 2592,jcb;;;;;;
Janela,jhaggartykl,03-6247491,05178 Sherman Court,638 807 3827,jcb;;;;;;
Calv,cfardonkm,82-8042312,7287 Drewry Street,516 810 3246,jcb;;;;;;
Leandra,lsonghurstkn,10-1375703,1358 Dayton Plaza,814 642 1879,visa-electron;;;;;;
Adan,aedgecombeko,14-9266352,8292 Donald Center,518 303 5365,jcb;;;;;;
Vic,vsproulskp,26-8549742,25 Talisman Terrace,214 270 3799,americanexpress;;;;;;
Sondra,sstowgillkq,62-7946734,85 Merchant Trail,724 779 2914,maestro;;;;;;
Kassi,khodintonkr,92-5581949,61022 Cody Hill,348 205 7856,diners-club-enroute;;;;;;
Lyda,lbraccoks,05-8765766,9 Gulseth Parkway,467 604 8380,visa-electron;;;;;;
Elicia,emcenteekt,16-3613338,08 Steensland Way,187 435 4957,americanexpress;;;;;;
Zachary,zminelliku,67-7929084,9119 Hermina Avenue,189 812 6659,switch;;;;;;
Dannye,dniesekv,75-8814980,269 Grasskamp Center,382 104 9006,diners-club-international;;;;;;
Tom,trichmondkw,32-3503239,7643 Butternut Court,386 425 1446,instapayment;;;;;;
Justine,jibbetsonkx,76-3221349,8947 Utah Pass,635 727 3129,jcb;;;;;;
Woodman,wskynerky,37-7242286,2 Melody Street,633 641 7841,jcb;;;;;;
Stacia,scolefordkz,78-6531778,111 Redwing Trail,821 567 2017,laser;;;;;;
Dion,dteecel0,73-1921904,235 Parkside Drive,509 234 3891,jcb;;;;;;
Budd,bstuerl1,46-0400242,79 Dunning Point,192 205 7968,switch;;;;;;
Phillipp,pquinl2,05-8861306,1858 Declaration Place,443 668 8759,china-unionpay;;;;;;
Averyl,acicchettol3,39-6362105,8094 La Follette Circle,527 570 1839,switch;;;;;;
Janka,jbendingl4,83-0118988,8483 Bunker Hill Street,802 753 8317,jcb;;;;;;
Devinne,dhookel5,54-3793644,848 Portage Crossing,135 268 7346,jcb;;;;;;
Luigi,lurridgel6,44-8244630,96869 Springview Pass,308 270 4997,jcb;;;;;;
Brenn,bchestermanl7,18-9223917,8327 Eggendart Way,691 317 9037,jcb;;;;;;
Bartholemy,blavellel8,11-1605296,7 Coleman Terrace,269 191 4811,china-unionpay;;;;;;
Ethe,ewaytl9,81-8521976,32876 Kinsman Way,210 761 7544,instapayment;;;;;;
Rory,rkeetchla,30-5672691,961 Loeprich Point,418 205 3040,jcb;;;;;;
Hester,hrappoportlb,19-5225576,3 Westend Junction,684 488 6542,jcb;;;;;;
Fawn,fmaccostyelc,51-2970324,90275 Holmberg Place,669 188 9048,china-unionpay;;;;;;
Spence,sstandbrookeld,10-7109710,8669 Maywood Place,590 986 4043,laser;;;;;;
Thibaud,tguionle,16-2077491,03 Schiller Lane,111 879 3794,jcb;;;;;;
Raymond,rwehdenlf,87-8285103,9914 Anzinger Alley,817 972 5128,jcb;;;;;;
Carie,cmatteklg,24-4049112,58373 Warrior Drive,521 161 2387,mastercard;;;;;;
Lefty,larmisteadlh,78-8565791,3643 Westport Park,254 964 1744,bankcard;;;;;;
Stillmann,sgritlandli,72-3131092,88 Petterle Park,614 823 3898,solo;;;;;;
Fidelity,fbreemlj,15-6076629,6 Sugar Way,583 296 1481,jcb;;;;;;
Graham,gbuckhurstlk,16-0827441,217 Sunfield Way,873 874 4332,china-unionpay;;;;;;
Tiertza,tkiftll,68-5169569,34306 Bartelt Pass,264 431 1512,jcb;;;;;;
Benson,bgreatbanklm,65-7203467,02469 Maywood Parkway,175 900 1121,maestro;;;;;;
Sabina,sbernuzziln,14-6681524,4320 Ramsey Trail,859 956 6804,jcb;;;;;;
Tanner,twoolattlo,88-2228696,515 Burrows Drive,463 706 3549,switch;;;;;;
Symon,sglanceylp,70-7307235,51 Alpine Way,204 344 9528,diners-club-enroute;;;;;;
Willi,wmonnerylq,09-5024033,9 Heffernan Alley,584 870 4679,jcb;;;;;;
Emory,ehaughinlr,94-5043980,2588 Logan Terrace,521 459 8814,mastercard;;;;;;
Oralla,omcginneyls,15-2844173,99392 John Wall Court,523 861 3645,diners-club-carte-blanche;;;;;;
Minda,msakinslt,68-6752826,61 4th Park,995 776 4850,diners-club-enroute;;;;;;
Patin,pciccoloilu,74-7518979,48035 Lien Center,249 703 2432,switch;;;;;;
Karyl,kblacklawelv,57-2365971,535 Mockingbird Drive,601 535 6119,switch;;;;;;
Raven,rpinkertonlw,24-0210138,5 Kensington Drive,747 667 1788,jcb;;;;;;
Hank,hrenaultlx,83-7215371,472 Lake View Hill,391 349 5211,jcb;;;;;;
Thorndike,tmoncreiffly,69-1532437,463 Anniversary Street,102 791 8670,diners-club-us-ca;;;;;;
Xenia,xgrgiclz,68-2451703,24144 Graedel Avenue,703 782 2264,americanexpress;;;;;;
Kora,khayworthm0,57-9609123,6354 Lillian Parkway,394 923 4492,jcb;;;;;;
Lorinda,lenockssonm1,21-5721613,0244 Havey Trail,185 116 6822,visa;;;;;;
Kaitlin,khairsnapem2,48-6820460,1 Pearson Way,783 445 1096,jcb;;;;;;
Starlene,smcgarrahanm3,22-7036925,46 Melby Parkway,644 458 4202,jcb;;;;;;
Margarete,msealm4,08-3545553,4 Express Center,505 397 2157,maestro;;;;;;
Teddie,tcottelm5,44-3884120,83 Carpenter Court,678 939 5461,diners-club-enroute;;;;;;
Ira,imardlem6,62-4932266,73915 Westend Pass,202 825 1171,jcb;;;;;;
Donovan,dmendelm7,13-7234790,2489 Old Gate Circle,987 600 2652,jcb;;;;;;
Chucho,cgarrickm8,28-9395739,80848 Dryden Junction,789 577 4015,mastercard;;;;;;
Joshua,jhyndsonm9,90-7756582,290 Annamark Street,526 668 6898,jcb;;;;;;
Arabella,acannicottma,04-5104930,1461 Forest Dale Crossing,783 342 5659,laser;;;;;;
Glad,gbellhousemb,14-0055765,978 Rieder Crossing,510 581 1549,diners-club-us-ca;;;;;;
Donovan,dchritchlowmc,30-4319648,01 Eastwood Plaza,160 875 0242,china-unionpay;;;;;;
Addy,awalteringmd,68-3021299,68 Chinook Pass,465 718 6110,visa-electron;;;;;;
Corny,caggiome,50-7775902,74128 Coleman Avenue,166 811 9844,jcb;;;;;;
Moises,mkonertzmf,98-8140141,19429 Chive Plaza,388 514 9418,americanexpress;;;;;;
Bette,bpetlyuramg,47-2813586,593 Corben Crossing,799 198 6710,jcb;;;;;;
Walton,wdeenermh,14-7659482,5 Hovde Crossing,691 840 3147,jcb;;;;;;
Osborn,oriattmi,62-2885883,193 Melvin Trail,449 334 0231,mastercard;;;;;;
Gilli,gfarringtonmj,70-0684502,2 Trailsway Avenue,650 907 5804,bankcard;;;;;;
Poul,pstrongemk,40-8615047,20 Onsgard Terrace,508 417 1575,jcb;;;;;;
Leonerd,lfeachamml,13-8339886,0179 Brown Parkway,697 363 0551,diners-club-carte-blanche;;;;;;
Darryl,ddumbaremm,28-7582115,8054 Fisk Pass,461 718 9273,jcb;;;;;;
Jessica,jmenilovemn,45-0432106,0107 Bartillon Trail,365 421 2522,switch;;;;;;
Aurthur,aterlindenmo,37-0535026,4493 Boyd Circle,839 421 0396,jcb;;;;;;
Roxie,rportailmp,65-8428603,9 Pearson Drive,243 333 2827,visa-electron;;;;;;
Fania,forpwoodmq,08-7302109,954 Sommers Circle,200 712 5417,mastercard;;;;;;
Pearle,pzuanellimr,00-6847333,3602 Oxford Place,266 405 9861,diners-club-carte-blanche;;;;;;
Bearnard,bdartems,05-7206774,3889 Paget Junction,952 980 4060,mastercard;;;;;;
Shayne,sgruszczakmt,64-6112278,88115 Park Meadow Junction,533 139 4659,jcb;;;;;;
Marni,mrubinmu,43-9125798,3181 Bellgrove Court,502 187 5038,laser;;;;;;
Ingamar,iheinigmv,84-8732290,65049 Crescent Oaks Street,850 617 9909,switch;;;;;;
Willis,wadeymw,19-3774071,63 Eagan Circle,429 531 0002,maestro;;;;;;
Jacenta,jmacintoshmx,57-3808002,263 Corry Street,486 442 8637,solo;;;;;;
Jasun,jborlesmy,36-5625496,73757 Granby Road,542 300 4779,mastercard;;;;;;
Shayla,shissiemz,88-0606578,93 Lillian Crossing,890 679 6299,jcb;;;;;;
Cristobal,cgrzesn0,18-0627751,1 Macpherson Crossing,257 562 4625,maestro;;;;;;
Gordy,gjosifovitzn1,14-4390737,04498 Leroy Way,710 597 1922,mastercard;;;;;;
Ariella,aseckern2,56-6294028,0 Helena Avenue,336 888 6483,diners-club-carte-blanche;;;;;;
Dolores,dgappn3,10-5174181,663 Ridgeway Parkway,832 164 6531,mastercard;;;;;;
Sashenka,screedlandn4,28-1572685,93934 Old Gate Street,532 560 4513,visa-electron;;;;;;
Betsey,bocrevann5,77-8515181,18 Superior Place,743 274 9160,jcb;;;;;;
Alene,amilbournn6,80-7477396,3881 Acker Plaza,738 523 1180,jcb;;;;;;
Rickie,rmedgwickn7,73-7396097,3 Logan Junction,783 670 3588,jcb;;;;;;
Ewart,enaisbittn8,90-6299227,92295 Boyd Circle,409 209 4166,jcb;;;;;;
Mackenzie,mstadenn9,91-4178577,849 Butterfield Pass,960 638 4730,jcb;;;;;;
Dacia,dvittorina,51-2380093,652 Dryden Plaza,623 523 5144,jcb;;;;;;
Kristyn,kmoxleynb,60-8084338,14 Reindahl Pass,501 977 9624,switch;;;;;;
Constantino,cfitzsimonnc,70-7841051,3532 Di Loreto Circle,274 305 6928,mastercard;;;;;;
Fanni,flathend,32-7063250,694 Lukken Place,127 718 6052,diners-club-carte-blanche;;;;;;
Meredeth,mzmitrichenkone,95-1148715,44307 Jay Circle,383 846 4487,jcb;;;;;;
Emylee,erubrownf,26-7008978,4397 American Place,602 598 0585,jcb;;;;;;
Keely,kpaolillong,20-6283537,02635 Roxbury Terrace,589 597 5722,instapayment;;;;;;
Caty,crolphnh,39-4934795,4 Prairie Rose Lane,819 243 1611,jcb;;;;;;
Helaine,hleerni,31-7762236,15 John Wall Junction,178 532 2170,jcb;;;;;;
Lew,lmenurenj,39-2720759,96135 Merchant Circle,334 497 7247,americanexpress;;;;;;
Kris,kberreclothnk,13-3083160,2 Westend Parkway,112 322 1382,laser;;;;;;
Mariellen,mpeppettnl,09-6033629,96 Redwing Way,411 300 8935,jcb;;;;;;
Ethelind,erobjohnsnm,70-3415975,93776 Clemons Lane,503 377 8166,mastercard;;;;;;
Cherish,ccamseynn,44-1445571,6922 Victoria Point,188 601 1533,maestro;;;;;;
Albina,acrundenno,51-2020079,7 Merry Crossing,164 903 6485,switch;;;;;;
Conan,cvansaltsbergnp,53-4801259,8667 Independence Road,374 122 2914,maestro;;;;;;
Cody,cfinchnq,12-3011899,366 Roxbury Way,503 376 3195,diners-club-enroute;;;;;;
Wayland,wdeeleynr,49-4379061,43 Meadow Vale Center,597 891 9402,diners-club-enroute;;;;;;
Bartram,bniesingns,78-5831408,88193 Mitchell Crossing,198 874 1961,bankcard;;;;;;
Thurstan,tbrittonnt,21-9428233,651 Warrior Court,710 450 4019,diners-club-carte-blanche;;;;;;
Brynna,blangdonnu,70-1003555,117 Portage Street,256 614 0102,jcb;;;;;;
Grenville,gmcomishnv,95-7440710,152 Pond Hill,898 316 9487,jcb;;;;;;
Gaelan,gleathartnw,25-1152017,211 Algoma Alley,984 454 4948,china-unionpay;;;;;;
Janetta,jyeldnx,13-2405327,80049 Springview Circle,380 110 5655,visa-electron;;;;;;
Neale,nfendlenny,86-6269354,3211 Harbort Road,667 160 6354,americanexpress;;;;;;
Allsun,aarkleynz,10-3757481,7 Troy Way,226 198 2101,diners-club-international;;;;;;
Inness,ibennyo0,47-7454950,57433 Elka Pass,700 300 4989,diners-club-carte-blanche;;;;;;
Inesita,ithebeso1,90-2248168,00290 Vahlen Point,166 337 3419,americanexpress;;;;;;
Bert,bmableyo2,15-5762947,6 Anhalt Place,482 843 9054,americanexpress;;;;;;
Niven,nfieldingo3,77-3163596,07306 Johnson Junction,201 504 3689,jcb;;;;;;
Aurie,aricardoo4,78-4297629,0 Brentwood Way,553 435 6375,maestro;;;;;;
Jorie,jdundridgeo5,34-3086522,53698 Oxford Point,847 178 7546,maestro;;;;;;
Annnora,anovaceko6,01-2905014,69662 Merchant Road,134 350 7602,jcb;;;;;;
Debor,dpauteo7,37-5974410,70 Calypso Trail,400 882 3073,americanexpress;;;;;;
Barrie,bconiffo8,48-4535087,28 Dennis Hill,793 441 8091,maestro;;;;;;
Dorise,dbinnero9,41-0175638,020 Daystar Court,573 562 1668,diners-club-enroute;;;;;;
Toma,turreyoa,02-9437902,5 7th Circle,755 376 2169,americanexpress;;;;;;
Joellen,jbartkowiakob,95-0774172,60 Waubesa Parkway,103 371 9431,maestro;;;;;;
Clint,crushmeroc,39-9376536,723 Toban Terrace,898 484 2983,jcb;;;;;;
Colleen,ckristiansenod,70-8648318,51564 Ludington Road,415 598 9887,americanexpress;;;;;;
Monti,malelsandrowiczoe,49-1816982,3 Corscot Lane,480 848 9035,jcb;;;;;;
Giffie,gfernandesof,05-1610794,94 Dapin Trail,841 885 7178,maestro;;;;;;
Orrin,olaceyog,52-7068288,0699 Caliangt Point,849 608 0744,diners-club-enroute;;;;;;
Holmes,hhembrowoh,59-8744422,36 Fairfield Drive,578 936 0750,mastercard;;;;;;
Onfre,oseakoi,17-0160854,81 Barnett Plaza,170 638 3716,mastercard;;;;;;
Nissy,ncameronoj,30-6238259,5 Dwight Lane,199 769 7031,maestro;;;;;;
Sayres,slanchesterok,81-4927858,0 Cascade Terrace,217 914 2749,diners-club-enroute;;;;;;
Gayle,gjackeol,95-5170910,7 Merrick Alley,710 571 3743,maestro;;;;;;
Cherilyn,cmcgourtyom,63-2291981,804 Emmet Way,967 587 4851,maestro;;;;;;
Ediva,efawcetton,97-3599425,407 Troy Crossing,969 406 1596,jcb;;;;;;
Dell,drilingsoo,01-7902946,563 Sundown Street,815 252 5832,jcb;;;;;;
Allison,aboltop,80-1393469,48040 Lakewood Gardens Point,342 947 0131,switch;;;;;;
Jamison,jcogginoq,23-6126563,034 Maryland Circle,842 552 5417,bankcard;;;;;;
Alphard,acarmodyor,46-3134581,6 Hovde Drive,884 246 9479,jcb;;;;;;
Duffy,dbastickos,88-6455729,80 Hansons Avenue,518 722 0864,diners-club-us-ca;;;;;;
Antonin,abuttonot,57-4734581,13 Raven Court,208 717 2325,jcb;;;;;;
Hulda,hsawyerou,91-9586837,46 Jenna Road,398 152 1411,visa-electron;;;;;;
Jessi,jcurdov,86-0399876,5 Melody Road,686 375 0091,jcb;;;;;;
Dosi,dwestermanow,73-6100862,20 Duke Way,647 412 4193,switch;;;;;;
Padriac,pabarrowox,53-1351754,0564 Sunbrook Way,525 212 6469,diners-club-international;;;;;;
Estevan,etillyoy,69-7478230,9 Brickson Park Hill,208 233 0463,jcb;;;;;;
Rubina,rfokeroz,19-4960400,367 Sunbrook Park,684 179 1720,jcb;;;;;;
Rheba,rfressonp0,79-8108879,35 Pawling Junction,326 392 1988,jcb;;;;;;
Reggi,rkeatsp1,13-7661218,0 Grim Parkway,883 225 6468,jcb;;;;;;
Liz,lvindenp2,40-9780562,2027 Ramsey Terrace,923 633 0578,maestro;;;;;;
Elvera,edurmanp3,83-1524077,0 Novick Trail,580 924 8762,jcb;;;;;;
Terese,tpenkep4,98-5986702,4 Independence Alley,262 861 3006,jcb;;;;;;
Rozalie,rcolerickp5,37-4160980,7 Mosinee Drive,108 868 5202,jcb;;;;;;
Marcello,mdominiquep6,83-9513433,99 Northview Way,415 494 0238,switch;;;;;;
Liesa,lbonairep7,80-1268779,12747 Talisman Hill,167 160 0286,diners-club-enroute;;;;;;
Judon,jcoucherp8,87-2319916,622 Mayfield Alley,443 545 2610,mastercard;;;;;;
Warren,whicklingbottomp9,39-5607244,6783 Autumn Leaf Pass,235 431 7649,jcb;;;;;;
Costa,cstrangerpa,22-7266933,55 Oriole Place,541 851 3070,jcb;;;;;;
Porty,pmcgeorgepb,21-0179380,85755 Arizona Way,316 562 8031,mastercard;;;;;;
Claribel,crobelpc,94-6258954,71159 Moulton Place,170 887 6449,jcb;;;;;;
Tish,tbaxstarpd,22-0214071,93921 Golf View Way,989 579 1526,jcb;;;;;;
Abbe,acollimorepe,16-8451150,8 Cherokee Crossing,139 352 5901,diners-club-carte-blanche;;;;;;
Yolande,ysalterspf,83-5211131,282 Mccormick Point,935 394 7487,visa;;;;;;
Hubey,hbedberrypg,08-4129557,3301 Petterle Center,575 760 0218,mastercard;;;;;;
Abbot,atillingph,50-3909139,99 Di Loreto Avenue,346 788 9530,visa-electron;;;;;;
Erwin,ewilsdonpi,86-4553576,4 Northfield Pass,106 750 3232,mastercard;;;;;;
Olympia,omacphailpj,94-3659889,6 Parkside Alley,293 406 7982,jcb;;;;;;
Aurie,awhyffenpk,91-0012729,5 Dorton Crossing,808 673 5188,jcb;;;;;;
Lizzie,ltinnpl,54-3876232,559 Glacier Hill Pass,273 604 5424,jcb;;;;;;
Viva,vfitzsymondspm,45-7678923,77 Cottonwood Terrace,520 935 3593,jcb;;;;;;
Hally,hgrovepn,79-6092498,6 Ridgeway Crossing,704 275 3399,jcb;;;;;;
Araldo,asottellpo,35-6075135,2 Warrior Avenue,270 388 1470,jcb;;;;;;
Asa,agommowepp,01-2285562,953 Coolidge Place,897 230 0607,diners-club-carte-blanche;;;;;;
Sonja,swhittypq,82-0434663,68 Chinook Terrace,664 903 5978,visa;;;;;;
Dean,dgreiswoodpr,81-0796471,222 Harbort Pass,600 339 5813,jcb;;;;;;
Morley,mcornilps,97-3980151,319 Sachs Way,280 569 3789,maestro;;;;;;
Creight,chauxleypt,73-4783740,6 Chinook Circle,712 486 3147,mastercard;;;;;;
Heindrick,hmcclochpu,23-8031623,6776 Sauthoff Plaza,577 668 1246,jcb;;;;;;
Ilse,ibyasspv,01-9953034,48073 Nevada Point,884 958 6756,jcb;;;;;;
Jayme,jglayzerpw,11-0320226,08214 Ruskin Avenue,232 669 7598,jcb;;;;;;
Darnall,dgerkenspx,17-0828074,23 Green Way,545 758 6083,diners-club-enroute;;;;;;
Ida,ishovlarpy,52-2212315,205 West Court,197 689 9810,bankcard;;;;;;
Ardene,asantepz,63-4509050,8 Vernon Parkway,457 432 0935,switch;;;;;;
Antonie,apaulerq0,47-0766796,95 Eagle Crest Junction,376 173 0772,jcb;;;;;;
Donovan,dcluleeq1,26-8988407,455 Caliangt Avenue,402 361 7454,jcb;;;;;;
Doyle,dconachieq2,47-1482390,46707 Summerview Road,319 223 8416,jcb;;;;;;
Morse,mpowleslandq3,84-3673185,6 Westerfield Parkway,711 397 6120,jcb;;;;;;
Roseline,rwoolwayq4,22-6004326,1 Scott Park,674 580 8192,americanexpress;;;;;;
Raviv,rjaslemq5,54-2357532,65 David Court,939 565 8177,visa-electron;;;;;;
Antons,acessfordq6,10-3421758,5 Hooker Street,651 446 2233,jcb;;;;;;
Kanya,kjelkesq7,06-4415632,609 Kennedy Alley,896 126 2359,diners-club-carte-blanche;;;;;;
Sindee,sortesq8,78-5900040,31 Springs Terrace,515 845 6720,jcb;;;;;;
Benedick,bblanckleyq9,09-6688181,8640 Village Green Alley,372 252 8665,laser;;;;;;
Karoly,kvillaronqa,11-3178470,426 Esker Parkway,744 873 4555,mastercard;;;;;;
Ardyth,atanslieqb,10-3246418,79234 Bay Center,441 107 1000,jcb;;;;;;
Arleen,ajacobsonqc,36-8526491,153 Sachs Terrace,596 552 0842,china-unionpay;;;;;;
Libby,lmillhouseqd,90-4211910,213 Nelson Way,961 220 3238,jcb;;;;;;
Crystie,crosensaftqe,57-2436740,3 Brown Way,251 329 5572,mastercard;;;;;;
Jilly,jgallymoreqf,48-0833927,57 Onsgard Circle,296 200 2121,jcb;;;;;;
Virge,vswaileqg,19-6422652,1262 Washington Alley,878 811 2605,jcb;;;;;;
Cecil,camosqh,86-3508225,10157 Sherman Point,901 271 1847,jcb;;;;;;
Felicdad,fdavidoviczqi,69-2483099,7650 Ruskin Center,241 635 7982,mastercard;;;;;;
Merry,mmcilvennaqj,58-0329135,94339 Sundown Way,294 455 5851,jcb;;;;;;
Franky,florkinsqk,71-4330249,2 Gerald Drive,715 211 7708,jcb;;;;;;
Larissa,lramsdenql,44-2445352,46478 Mallory Parkway,699 999 2702,bankcard;;;;;;
Remington,rkallqm,86-7539667,795 Gale Point,800 281 6669,jcb;;;;;;
Marthena,mfawloeqn,59-2361642,5 Hoard Avenue,463 695 9865,jcb;;;;;;
Elihu,ececchetelliqo,65-6887133,5 Daystar Court,582 802 0183,diners-club-carte-blanche;;;;;;
Layla,ldalrympleqp,09-8602368,7143 Pennsylvania Drive,137 972 3323,switch;;;;;;
Iona,itennockqq,88-0273529,6 Boyd Parkway,827 251 5511,diners-club-enroute;;;;;;
Giacinta,gpalluschekqr,65-5163074,682 Longview Junction,660 691 1456,mastercard;;;;;;
Margalit,mcopnellqs,01-5937388,251 Sommers Hill,535 905 7836,jcb;;;;;;
Stavros,smoretonqt,11-9970739,5695 Towne Plaza,235 760 9335,mastercard;;;;;;
Jody,jsteptowequ,77-8008731,12625 Brickson Park Park,501 397 2629,jcb;;;;;;
Hercules,hkomorowskiqv,03-1981296,156 Huxley Trail,567 727 6702,jcb;;;;;;
Aylmar,ablacksterqw,11-7746897,7683 Scoville Road,133 423 5282,jcb;;;;;;
Emanuele,esibleyqx,56-1935870,692 Southridge Pass,158 946 1823,jcb;;;;;;
Winona,wodyvoieqy,36-0365923,26 High Crossing Street,917 304 5434,bankcard;;;;;;
Ferdie,fcrosonqz,61-3639110,211 Dexter Junction,310 255 1401,jcb;;;;;;
Neila,nreddelr0,48-9918967,0 Hooker Alley,578 640 9135,americanexpress;;;;;;
Micki,mschutter1,25-3781024,93 Maple Wood Place,500 768 4290,jcb;;;;;;
Tiler,thambrookr2,05-2308645,02 Kenwood Hill,355 867 2256,bankcard;;;;;;
Corene,cbenettinir3,09-7761715,9 Stoughton Court,477 981 8937,jcb;;;;;;
Dominga,dseymarkr4,76-8370107,594 Mifflin Parkway,283 819 8470,jcb;;;;;;
Louella,lhendrichr5,95-3019206,6 Carioca Pass,235 319 8368,visa-electron;;;;;;
Alexa,alemmanbier6,51-4120014,2802 Riverside Junction,694 737 5496,diners-club-carte-blanche;;;;;;
Ax,ahawyesr7,64-1108029,73 Dunning Crossing,300 664 6915,china-unionpay;;;;;;
Patricia,ptruslerr8,70-9222430,7185 Mayfield Terrace,388 240 1411,diners-club-carte-blanche;;;;;;
Daniella,dvailr9,90-0187516,9 Mandrake Plaza,199 292 2921,americanexpress;;;;;;
Dillon,dmacneillyra,12-5588715,635 Tony Trail,244 221 7503,jcb;;;;;;
Beaufort,bburrissrb,89-5897742,664 Mockingbird Point,631 297 2564,jcb;;;;;;
Kaspar,kthorogoodrc,50-9593558,543 New Castle Plaza,486 109 3788,mastercard;;;;;;
Gerick,gwathenrd,96-0286442,61 Harper Crossing,600 941 6025,maestro;;;;;;
Clemmie,csoutheranre,83-3499452,2 Summit Parkway,134 449 3805,solo;;;;;;
Otis,oarchibaldrf,06-4011522,9471 Hintze Point,810 194 2320,jcb;;;;;;
Gus,ggernierrg,13-5203146,65 Surrey Avenue,571 781 9527,americanexpress;;;;;;
Ynes,ysilvestonrh,20-0090124,4472 Dorton Alley,886 881 5728,bankcard;;;;;;
Roscoe,rgiacobazziri,81-5476946,640 Burning Wood Terrace,726 897 1643,jcb;;;;;;
Chevy,ccarringtonrj,73-9919326,0752 Hoard Lane,114 985 4333,maestro;;;;;;
Astrix,amcraveyrk,22-6776074,5665 Banding Plaza,435 324 3702,mastercard;;;;;;
Nelia,ncutmarerl,68-6417771,809 Ridge Oak Hill,549 918 8538,mastercard;;;;;;
Karmen,ktomczykiewiczrm,70-6637111,4 Morning Drive,446 877 4115,jcb;;;;;;
Kellen,kmargettsrn,79-1153266,544 New Castle Trail,868 350 6230,maestro;;;;;;
Uriah,ulethbrigro,09-8372010,74 Grasskamp Pass,404 920 1234,jcb;;;;;;
Barnie,bpluckrp,48-6172493,32628 Warner Avenue,877 443 3242,solo;;;;;;
Aubert,aarrandalerq,18-2890615,519 Elgar Circle,643 394 5744,switch;;;;;;
Dani,dfahyrr,12-9426144,09248 Onsgard Junction,405 474 6435,jcb;;;;;;
