Tedie,Staresmeare,97-9615496,ACTIVA
Constancia,Gallimore,01-9504912,ACTIVA
Hilarius,Miell,97-3290571,ACTIVA
Kai,Howey,66-0279743,ACTIVA
Alli,Ozintsev,16-4510390,ACTIVA
Ronnie,Baudain,77-5397238,ACTIVA
Art,Deane,20-8703320,ACTIVA
Kingsly,Chesson,29-7224082,ACTIVA
Annabella,O' Scallan,91-8928137,ACTIVA
Jody,Colquyte,62-4033480,ACTIVA
Lutero,Lamlin,19-8014729,ACTIVA
Chrissie,Riddiough,59-2297750,ACTIVA
Tabb,Wiltsher,53-6260540,ACTIVA
Carolina,Kadd,62-4434299,ACTIVA
Jamaal,Hayles,07-0702149,ACTIVA
Elsy,Mordey,98-2635107,ACTIVA
Jason,Bitterton,85-5620501,ACTIVA
Olenolin,Antonikov,81-3891705,ACTIVA
Launce,Siddele,48-6027425,ACTIVA
Angel,Asel,53-9491482,ACTIVA
Stephannie,Macy,93-5838411,ACTIVA
Angelo,Scullin,71-7120495,ACTIVA
Alta,Di Dello,58-1922681,ACTIVA
Curr,Ruste,43-1997579,ACTIVA
Alonzo,Marham,87-5661493,ACTIVA
Alard,Kyte,10-4115791,ACTIVA
Kristopher,Bayford,06-4182494,ACTIVA
Rube,Adamini,31-3593048,ACTIVA
Phyllys,Paolino,17-7738157,ACTIVA
Bennett,Kharchinski,90-2389461,ACTIVA
Jarrod,Bonefant,80-5088317,ACTIVA
Skippie,Wolton,65-6556487,ACTIVA
Catherina,Klemmt,45-8986723,ACTIVA
Goldi,Brearley,10-1400465,ACTIVA
Jeff,Cowburn,11-9093209,ACTIVA
Palm,Hurrion,91-8375380,ACTIVA
Adriena,Stonuary,81-3724688,ACTIVA
Donalt,Coggings,01-0998044,ACTIVA
Briny,Reveley,24-7737847,ACTIVA
Lynett,Gidman,99-4844465,ACTIVA
Teresina,Bamborough,53-8904831,ACTIVA
Natividad,Baudin,26-8341887,ACTIVA
Fredi,Britner,80-9240403,ACTIVA
Kane,Josifovic,37-2936693,ACTIVA
Morgen,Macklin,78-3014921,ACTIVA
Joana,Cloute,80-7857334,ACTIVA
Robbi,Chessum,61-0877012,ACTIVA
Lilllie,Burgum,35-8538424,ACTIVA
Boonie,Eastop,85-5542732,ACTIVA
Brander,Keirle,80-7169472,ACTIVA
Ali,Escudier,78-9402012,ACTIVA
Roy,Cogdell,08-1411718,ACTIVA
Mikol,Gendricke,34-6605776,ACTIVA
Marybeth,Jephson,26-8818765,ACTIVA
Cathi,Valerius,24-5115089,ACTIVA
Florella,Letchford,42-2804877,ACTIVA
Ursa,Durant,43-7593025,ACTIVA
Jessamine,Kopisch,61-9154548,ACTIVA
Brandie,Speaks,82-7215652,ACTIVA
Lorens,Tiffany,51-1702963,ACTIVA
Piggy,Spens,35-2170840,ACTIVA
Wallie,Filippozzi,02-4503525,ACTIVA
Sherwynd,Applegarth,35-9329033,ACTIVA
Jacki,Shannon,99-7896738,ACTIVA
Jacky,Kornousek,57-8751381,ACTIVA
Wald,Durie,70-8172336,ACTIVA
Reine,Brunel,72-4772851,ACTIVA
Sallyann,Summerskill,18-2647135,ACTIVA
Lynnea,Longson,71-3718742,ACTIVA
Wilden,Ivan,88-4149858,ACTIVA
Betteanne,Crambie,23-2679022,ACTIVA
Madalyn,Gothard,05-6749778,ACTIVA
Truda,Girodier,09-8658949,ACTIVA
Ana,Rubinovici,45-1240255,ACTIVA
Hughie,Geraldez,14-2142740,ACTIVA
Bili,Haquin,77-6588056,ACTIVA
Perle,Wife,80-4514623,ACTIVA
Rosina,Cummins,16-1525002,ACTIVA
Paulie,Grund,06-2455350,ACTIVA
Lodovico,Jaeggi,81-6251535,ACTIVA
Atlanta,Sergeaunt,60-4678668,ACTIVA
Afton,Borrowman,60-2168835,ACTIVA
Marj,Mityushin,72-4852041,ACTIVA
Inigo,Crankshaw,45-2945601,ACTIVA
Celia,Melarkey,41-4686293,ACTIVA
Tome,Scholtz,73-9272391,ACTIVA
Shantee,Gwilym,78-7563873,ACTIVA
Lin,Campe,61-3996322,ACTIVA
Wynn,Herrero,99-0940583,ACTIVA
Florette,Forbear,76-6076328,ACTIVA
Garland,Blondell,51-7407746,ACTIVA
Ben,Pryn,19-5732060,ACTIVA
Evan,Barlass,43-2938574,ACTIVA
Lance,Rekes,21-9266795,ACTIVA
Orran,Hanster,85-7053233,ACTIVA
Jonathan,Bente,91-9100105,ACTIVA
Levey,Bumfrey,68-0775164,ACTIVA
Teador,Hancill,24-0666814,ACTIVA
Brena,Eagle,40-8682843,ACTIVA
Marylinda,Hillatt,67-4382178,ACTIVA
Dorice,Oddy,11-1416171,ACTIVA
Adriena,Moakes,46-0698163,ACTIVA
Ave,Penhaleurack,57-5587271,ACTIVA
Ellynn,McComas,90-6691920,ACTIVA
Darcie,Fortnon,54-4257144,ACTIVA
Alli,Hickeringill,91-9811434,ACTIVA
Alexio,Cowser,91-0562053,ACTIVA
Hammad,Huckin,84-5352019,ACTIVA
Doralia,Murden,63-7430646,ACTIVA
Cinda,Carrigan,63-7985198,ACTIVA
Bel,Decourcy,94-9202880,ACTIVA
Dniren,Parriss,80-2473213,ACTIVA
Bryana,Farherty,95-6444975,ACTIVA
Max,Petrosian,40-9702853,ACTIVA
Thain,Demageard,91-4632776,ACTIVA
Calv,Eskriett,89-1544794,ACTIVA
Morie,Dealtry,11-4341294,ACTIVA
Berni,McColl,28-0769513,ACTIVA
Jannel,Beri,59-8261277,ACTIVA
Ethelin,Gianolini,45-2081361,ACTIVA
Darin,Hemeret,77-3919019,ACTIVA
Lisette,Archley,21-1575728,ACTIVA
Nikoletta,Karchowski,47-8783772,ACTIVA
Merrel,Hiner,77-3892200,ACTIVA
Symon,Macklam,63-2034552,ACTIVA
Denice,Pherps,71-4760705,ACTIVA
Sasha,Ternent,70-7712149,ACTIVA
Gamaliel,Mearns,91-5399950,ACTIVA
Brynne,Rowsel,15-4842627,ACTIVA
Edgard,Holdey,42-0648412,ACTIVA
Brenna,Littleproud,85-8992614,ACTIVA
Sibby,McQuade,82-6244655,ACTIVA
Mimi,Fifield,17-4322379,ACTIVA
Charlot,Reeday,42-4181385,ACTIVA
Tallou,Leguay,76-0142051,ACTIVA
Rosalind,Harrisson,17-0568876,ACTIVA
Jacquette,Deane,24-1875222,ACTIVA
Janice,Bakhrushkin,70-4814665,ACTIVA
Denny,Civitillo,22-5161189,ACTIVA
Cully,Ballintyne,82-5121829,ACTIVA
Vittoria,Beever,07-9440264,ACTIVA
Brocky,Cristea,23-1791116,ACTIVA
Kayla,De Nisco,07-8795852,ACTIVA
Cristobal,Garrad,95-6694444,ACTIVA
Cherry,Farebrother,07-7163519,ACTIVA
Ossie,Skyrm,48-5636688,ACTIVA
Wat,Halladey,76-2207423,ACTIVA
Dona,Grubbe,65-2366251,ACTIVA
Gallard,McIlvaney,40-0357259,ACTIVA
Teri,Ringe,23-0306305,ACTIVA
Phillipe,Bompas,33-2818139,ACTIVA
Clevie,Favel,79-3069082,ACTIVA
Nomi,Earles,30-8678645,ACTIVA
Elyn,Blowne,68-0018259,ACTIVA
Raul,Bullivent,96-5558453,ACTIVA
Dorothea,Clelland,91-5721069,ACTIVA
Erhart,Martinovsky,29-3671547,ACTIVA
Georgette,Atherley,39-7620394,ACTIVA
Brooks,Baugh,08-6967334,ACTIVA
Garv,Matisse,10-4377704,ACTIVA
Gabie,Mattam,56-0186709,ACTIVA
Allianora,Langrick,73-2102180,ACTIVA
Jayne,Brunnen,72-7882795,ACTIVA
Misty,Zorzi,11-8054169,ACTIVA
Richie,Sarge,99-3177062,ACTIVA
Kristien,Olivera,71-3725883,ACTIVA
Donal,Tapscott,01-3366362,ACTIVA
Eugene,Parren,67-8534443,ACTIVA
Trula,Cridlin,56-3421681,ACTIVA
Dru,Rodell,16-3905169,ACTIVA
Aldric,Tabourel,77-6519028,ACTIVA
Hermy,Nestoruk,81-4752194,ACTIVA
Andros,Bonnesen,64-3690011,ACTIVA
Vilhelmina,Daveridge,25-7341158,ACTIVA
Tanhya,Schild,46-7311778,ACTIVA
Cosmo,Drewry,23-3270076,ACTIVA
Haily,Leon,43-2425769,ACTIVA
Nikita,McCorley,94-1140545,ACTIVA
Giovanni,Shew,77-5076046,ACTIVA
Michelle,Clayill,33-3240022,ACTIVA
Correy,Harteley,59-6964130,ACTIVA
Edouard,Banaszewski,69-8190801,ACTIVA
Obadias,Guittet,09-5364108,ACTIVA
Berri,O'Rodane,49-9099465,ACTIVA
Alisha,Duffus,89-0719168,ACTIVA
Orion,Liell,08-1865589,ACTIVA
Kevin,Barthropp,79-9892085,ACTIVA
Staford,Whiting,35-3360922,ACTIVA
Olympe,Kinsett,13-0960761,ACTIVA
Gates,Hepher,66-2331850,ACTIVA
Linell,Bisgrove,53-7607746,ACTIVA
Norman,Iscowitz,03-4612898,ACTIVA
Stephanus,Jedrachowicz,53-9053842,ACTIVA
Gisela,Muncie,37-2502680,ACTIVA
Pennie,Nardoni,51-4007934,ACTIVA
Tressa,Wass,01-3597724,ACTIVA
Francyne,Hearse,02-9527758,ACTIVA
Giulietta,Giroldo,88-8966643,ACTIVA
Morse,Damper,36-9373756,ACTIVA
Tommi,Eckersley,29-4506958,ACTIVA
Roslyn,Spennock,61-2872730,ACTIVA
Townie,Michelet,21-8521695,ACTIVA
Shaw,Oxborrow,56-4865246,ACTIVA
Cheston,Rowlands,78-1297942,ACTIVA
Sherye,Zoellner,30-2993303,ACTIVA
Sancho,Rawsthorne,41-9011394,ACTIVA
Xymenes,Smaile,07-5495675,ACTIVA
Jannelle,McCrum,80-8187277,ACTIVA
Callean,Cliff,75-5994337,ACTIVA
Mandy,Ahearne,58-5797544,ACTIVA
Millisent,O' Finan,16-6250459,ACTIVA
Ricky,Copp,75-1790105,ACTIVA
Teodoor,Holehouse,08-9945305,ACTIVA
Trista,Crebbin,36-2616029,ACTIVA
Ursala,Calladine,55-2052100,ACTIVA
Brewster,Norssister,05-8044653,ACTIVA
Simone,Limbourne,67-8038113,ACTIVA
Marla,Donaldson,63-3095107,ACTIVA
Gale,Vamplers,61-6322930,ACTIVA
Violet,Danilov,42-3916298,ACTIVA
Joyann,Ipsgrave,99-8170854,ACTIVA
Hilario,Beuscher,43-0905909,ACTIVA
Bren,Corrao,34-0778223,ACTIVA
Mitch,Megany,05-9159980,ACTIVA
Tannie,Rubberts,56-1452627,ACTIVA
Montague,Penhall,48-9387467,ACTIVA
Alexandr,Tennison,84-6956905,ACTIVA
Tabbatha,McAteer,15-0755782,ACTIVA
Winonah,Thompson,71-9219297,ACTIVA
Godart,Dawbury,12-2009451,ACTIVA
Delila,Hebditch,66-3172147,ACTIVA
Jedediah,Fleming,23-4917076,ACTIVA
Brewer,Barrett,99-9248940,ACTIVA
Arte,Victoria,03-1393885,ACTIVA
Rip,Silverston,33-1031413,ACTIVA
Else,McIlhone,37-0624442,ACTIVA
Marylinda,Mazzei,55-4454687,ACTIVA
Humfried,Arnholdt,65-9708614,ACTIVA
Harris,Hammarberg,88-0421238,ACTIVA
Nickolas,Freezor,31-4285511,ACTIVA
Andre,Blasdale,19-2253502,ACTIVA
Kip,Potts,46-0999929,ACTIVA
Anet,Gilston,94-6521231,ACTIVA
Joete,Croxley,43-3594741,ACTIVA
Tommi,Storks,95-9664107,ACTIVA
Foster,Ludee,21-7912286,ACTIVA
Gay,Deporte,60-9602696,ACTIVA
Tatiana,Brolechan,99-3202091,ACTIVA
Hobard,MacCard,00-0879998,ACTIVA
Malanie,Linforth,40-3652134,ACTIVA
Michaela,Motherwell,07-0560017,ACTIVA
Avrit,Arnal,85-3708213,ACTIVA
Alfie,Fludgate,04-1464152,ACTIVA
Kayla,Lashmore,24-2877165,ACTIVA
Sarene,Mathers,99-0183535,ACTIVA
Harwilll,Ferraretto,48-4319573,ACTIVA
Bobette,Trass,31-0662659,ACTIVA
Ira,Fant,43-2133443,ACTIVA
Patric,Higgoe,19-2636754,ACTIVA
Faustina,Doodson,63-8630699,ACTIVA
Catrina,Eates,73-2881753,ACTIVA
Boone,Chasteau,38-1194117,ACTIVA
Lek,Woodger,49-6855441,ACTIVA
Kiley,Gobel,19-7047349,ACTIVA
Kara-lynn,Marty,65-5088601,ACTIVA
Lev,Mathewes,73-5883969,ACTIVA
Violet,Colliard,04-3750757,ACTIVA
Ingemar,Antyukhin,87-7367956,ACTIVA
Damaris,Startin,53-4670050,ACTIVA
Clyve,Gotcliffe,17-2549327,ACTIVA
Marleen,Greenhaugh,76-7781697,ACTIVA
Shena,Bedo,20-3384929,ACTIVA
Venita,Jakobsson,33-2215690,ACTIVA
Lolita,Pincott,57-5000558,ACTIVA
Gerladina,Pheasant,08-4705887,ACTIVA
Morty,Gerrell,79-2583888,ACTIVA
Dorotea,Axelbey,12-2222229,ACTIVA
Willamina,Kobes,70-6467766,ACTIVA
Leonore,Tough,67-3380944,ACTIVA
Mureil,Ingreda,26-6629330,ACTIVA
Renaud,Meddick,10-4673737,ACTIVA
Rolph,Elliot,73-2575110,ACTIVA
Violette,Redmile,53-3296266,ACTIVA
Celine,Pina,59-8054837,ACTIVA
Rainer,Petronis,55-2980170,ACTIVA
Storm,Antonetti,85-4765807,ACTIVA
Fifine,Curro,30-3006874,ACTIVA
Gabriellia,Kendle,71-1424213,ACTIVA
Allison,Van Waadenburg,05-4062697,ACTIVA
Penny,Christophers,26-2454024,ACTIVA
Corry,O'Corren,81-8839156,ACTIVA
Bruce,McPhelimey,62-1976022,ACTIVA
Veronike,Giraudel,50-9767224,ACTIVA
Ewen,Warren,73-6305844,ACTIVA
Tera,Walas,80-4345175,ACTIVA
Arline,Serfati,93-0789500,ACTIVA
Dorey,Wetheril,36-6520494,ACTIVA
Naomi,Olkowicz,22-0159329,ACTIVA
Sean,Yukhnevich,80-7094187,ACTIVA
Tabbie,Heyward,13-3490396,ACTIVA
Reeta,Cicconettii,62-0249094,ACTIVA
Dillie,Grinishin,18-0241047,ACTIVA
Anica,Shadwick,60-4194945,ACTIVA
Sal,Braganca,85-5492366,ACTIVA
Sig,Dicks,14-1384349,ACTIVA
Corine,Jardein,75-5764218,ACTIVA
Hildagarde,Haig,15-1953918,ACTIVA
Carney,Bartaloni,85-1849780,ACTIVA
Claudius,Foot,27-2122935,ACTIVA
Kelcy,Spearing,26-6193844,ACTIVA
Farley,Kimberly,10-2810673,ACTIVA
Derk,Hamper,86-8908469,ACTIVA
Ealasaid,Fairnington,27-8827474,ACTIVA
Jessica,Piatkow,88-9494912,ACTIVA
Freemon,Sammars,04-3384465,ACTIVA
Greggory,Renehan,54-6045051,ACTIVA
Franchot,Reck,68-6416992,ACTIVA
Verena,Mathen,46-1707845,ACTIVA
Sascha,Berrill,64-7044536,ACTIVA
Morganica,Bale,75-1246255,ACTIVA
Arabela,Monget,53-1050385,ACTIVA
Felipa,Drover,57-6411748,ACTIVA
Andonis,MacNelly,03-2507794,ACTIVA
Addy,Hargitt,04-4153658,ACTIVA
Emma,Maeer,69-4180118,ACTIVA
Hadlee,Dimic,40-3507693,ACTIVA
Llewellyn,Ashingden,13-1157589,ACTIVA
Biddy,Dashwood,89-1537038,ACTIVA
Kristo,Dudding,62-4874898,ACTIVA
Analise,Klimt,68-4280665,ACTIVA
Jackqueline,McAvaddy,70-6034860,ACTIVA
Beitris,Immins,74-5709584,ACTIVA
Floria,Greenalf,61-3033100,ACTIVA
Creighton,Moland,97-8198919,ACTIVA
Wilma,Thomsson,63-6905756,ACTIVA
Dino,Giannasi,59-8351165,ACTIVA
Berti,Muckersie,22-8542956,ACTIVA
Lynnelle,Eltone,32-3281757,ACTIVA
Jule,Sansam,78-6889688,ACTIVA
Bastian,Chartre,76-7663363,ACTIVA
Carlyle,Treweela,60-6179544,ACTIVA
Konstanze,Schuster,29-3967533,ACTIVA
Estelle,Ruddock,58-7898429,ACTIVA
Luelle,Burgan,55-4521754,ACTIVA
Lionel,Penhalurick,06-1630833,ACTIVA
Oates,Goldhawk,22-4357964,ACTIVA
Marijn,Jeffes,07-2446072,ACTIVA
Harwell,Kiddey,92-6168342,ACTIVA
Wilden,Eastgate,80-2580810,ACTIVA
Cooper,Major,09-6029010,ACTIVA
Holden,Jackalin,71-4171023,ACTIVA
Nevsa,Davitt,75-9176797,ACTIVA
Dexter,Larret,53-4154325,ACTIVA
Lin,Tooting,92-5986322,ACTIVA
Niels,Rowbury,91-9350629,ACTIVA
Efren,Zecchini,01-3202881,ACTIVA
Hannie,Ferran,82-5970146,ACTIVA
Kare,Leedal,58-2397026,ACTIVA
Derek,Battany,73-9426874,ACTIVA
Audy,Wimbush,69-7723001,ACTIVA
Devi,Borne,13-0795852,ACTIVA
Erhard,Castelli,99-5755033,ACTIVA
Simone,Ramelot,00-8784250,ACTIVA
Vera,Rouby,07-3718524,ACTIVA
Jordan,Shreeve,30-5745382,ACTIVA
Pammie,Cornes,62-8688623,ACTIVA
Lewie,Flynn,41-2033806,ACTIVA
Frederigo,Ebbrell,80-9264165,ACTIVA
Tremayne,Roe,34-2713632,ACTIVA
Julianne,Goodlatt,91-5300703,ACTIVA
Shanta,Darbishire,19-2770122,ACTIVA
Spenser,O'Hartigan,97-3567133,ACTIVA
Derrek,Guiver,94-4981615,ACTIVA
Morganne,Grigolli,55-7955570,ACTIVA
Armand,Whatman,20-5611933,ACTIVA
Hermon,Dillintone,46-1932584,ACTIVA
Starla,Hamon,95-0218753,ACTIVA
Andria,Timbs,25-8295402,ACTIVA
Aubry,Starzaker,04-0499405,ACTIVA
Somerset,Loffill,50-5532878,ACTIVA
Nerty,Carnachen,16-8878575,ACTIVA
Neille,Hardan,58-4496266,ACTIVA
Willem,Mepsted,83-7210284,ACTIVA
Roshelle,Knightly,13-0257175,ACTIVA
Annette,Handover,76-4946474,ACTIVA
Melicent,Sorrel,36-0919667,ACTIVA
Leonidas,Paulisch,71-1353749,ACTIVA
Glad,Hadingham,45-2012873,ACTIVA
Daloris,Koch,80-3184627,ACTIVA
Queenie,Stirtle,56-5517427,ACTIVA
Teodor,Garron,43-7077091,ACTIVA
Jeremie,Finnemore,22-8882319,ACTIVA
Sheff,Keough,25-9526082,ACTIVA
Kerstin,Lawey,92-5409243,ACTIVA
Giovanni,Gilli,82-0752102,ACTIVA
Barnett,Vanetti,58-8436480,ACTIVA
Meyer,Coundley,12-9109964,ACTIVA
Roi,Shale,62-9177108,ACTIVA
Kiley,Kendred,74-5981429,ACTIVA
Beatrice,Litzmann,06-9992407,ACTIVA
Hirsch,Turneux,82-3181892,ACTIVA
Stu,Finby,22-9185786,ACTIVA
Tally,Smaleman,57-0757804,ACTIVA
Mari,Danbury,88-2818359,ACTIVA
Addia,Van Salzberger,87-4938682,ACTIVA
Christyna,Marchi,60-4738395,ACTIVA
Rey,Banton,53-2021046,ACTIVA
Filippa,Offer,41-6694743,ACTIVA
Tiffie,Stiven,69-6891107,ACTIVA
Urban,Crose,59-7420719,ACTIVA
Damian,Preddle,38-6651301,ACTIVA
Lorin,Pideon,63-2512178,ACTIVA
Barn,Fiander,30-8914191,ACTIVA
Tarra,Marjanski,65-8769795,ACTIVA
Rene,Isselee,24-1115309,ACTIVA
Kayla,Gildersleaves,61-9616681,ACTIVA
Dill,Dalli,67-3652676,ACTIVA
Goldia,Heeron,06-7396692,ACTIVA
May,Bates,32-0332755,ACTIVA
Evelina,Frears,15-3979348,ACTIVA
Kort,Kelshaw,69-9043200,ACTIVA
Swen,Gatlin,48-9217134,ACTIVA
Dean,Aleksandrov,65-3655134,ACTIVA
Hephzibah,Macguire,78-4317680,ACTIVA
Daron,Edwardes,11-3441339,ACTIVA
Tove,Brant,85-0843154,ACTIVA
Gay,Miner,02-9082196,ACTIVA
Jaquelyn,Lohde,56-3079455,ACTIVA
Cinderella,Colthard,58-5271708,ACTIVA
Norton,Gamil,23-3058264,ACTIVA
Paulie,Greveson,15-1770303,ACTIVA
Ward,Surgood,17-4267892,ACTIVA
Cacilia,Eglise,33-2124442,ACTIVA
Wright,Pettegre,29-9009975,ACTIVA
Homer,McGibbon,64-7507847,ACTIVA
Britteny,Tarling,76-5052626,ACTIVA
Dolf,Muehle,11-6294775,ACTIVA
Buiron,Bernade,84-2347557,ACTIVA
Jareb,Cochran,39-5523801,ACTIVA
Anjanette,Gellion,28-0085588,ACTIVA
Karry,Pattenden,13-5300585,ACTIVA
Gayle,Fones,49-8465759,ACTIVA
Rosalyn,Minker,68-7381958,ACTIVA
Thor,Emor,73-8093109,ACTIVA
Edvard,Miliffe,94-2083789,ACTIVA
Timi,Rapsey,97-9234930,ACTIVA
Merv,Thripp,36-7256755,ACTIVA
Ruperto,Coatham,15-7728270,ACTIVA
Olag,Saddington,75-6291116,ACTIVA
Brandea,Castagnasso,58-6283655,ACTIVA
Ilsa,Hause,74-7681723,ACTIVA
Leonie,Minihane,12-0196988,ACTIVA
Virgina,Harwick,25-1474682,ACTIVA
Andonis,Stanaway,77-8517400,ACTIVA
Ron,Delagnes,72-1622348,ACTIVA
Dickie,Lidell,70-6683765,ACTIVA
Fonsie,Vasiliu,66-0111050,ACTIVA
Geralda,Rentz,52-0712919,ACTIVA
Sue,Fulk,02-4753300,ACTIVA
Boony,Faulconer,74-4852247,ACTIVA
Beale,Brinson,40-8768979,ACTIVA
Jamal,Ellingsworth,09-1964879,ACTIVA
Neddy,Motton,76-0501853,ACTIVA
Boigie,Jenton,48-0190032,ACTIVA
Ezechiel,Queste,63-3526585,ACTIVA
Brendon,Charer,25-4715233,ACTIVA
Glynn,Cruickshanks,98-3594925,ACTIVA
Tami,Bennet,86-3853641,ACTIVA
Valentin,Idle,86-0002703,ACTIVA
Cheri,Outright,23-9944934,ACTIVA
Hew,Hallbord,15-4264172,ACTIVA
Henry,Norcliffe,67-7470935,ACTIVA
Judas,Conneau,54-7282601,ACTIVA
Pebrook,Poure,80-5000379,ACTIVA
Seka,Arondel,26-8054346,ACTIVA
Dodi,MacLaren,13-8300096,ACTIVA
Codee,Hallybone,41-0038325,ACTIVA
Yvor,Bethell,81-6018605,ACTIVA
Bonni,Hebdon,53-5452424,ACTIVA
Lloyd,Wixey,01-2055858,ACTIVA
Maddy,Fedorchenko,31-9026692,ACTIVA
Burr,Hemmingway,21-7055255,ACTIVA
Alvira,Howitt,27-4417530,ACTIVA
Harman,Ivers,98-0178744,ACTIVA
Wylma,Pottell,13-3750275,ACTIVA
Meredeth,Evitt,84-6467237,ACTIVA
Reinhold,Toffolini,63-0356294,ACTIVA
Natty,Hukin,71-9204347,ACTIVA
Mariya,Tabb,68-6654314,ACTIVA
Fernandina,Airds,50-5511629,ACTIVA
Krisha,Vivash,50-8831189,ACTIVA
Corbin,Huntingdon,37-9448025,ACTIVA
Manolo,Brisse,21-0307710,ACTIVA
Freddy,Simpson,33-5640315,ACTIVA
Leelah,Cino,73-3566384,ACTIVA
Ash,Coulling,43-1074965,ACTIVA
Orlando,Altofts,80-3212086,ACTIVA
Lewie,Lefort,29-5075687,ACTIVA
Alexine,Hosier,36-6203866,ACTIVA
Budd,Thorius,02-4902667,ACTIVA
Gerti,Connochie,32-7275533,ACTIVA
Sydel,Murrish,16-7545124,ACTIVA
Dorian,Petersen,06-8595471,ACTIVA
Dun,Boulding,88-8646051,ACTIVA
Ulises,Dansey,64-0595324,ACTIVA
Dennie,Simkin,71-6418685,ACTIVA
Dania,Kenshole,94-6460534,ACTIVA
Ganny,Gipp,29-8478590,ACTIVA
Jeannette,Heskin,87-6543740,ACTIVA
Sherilyn,Menat,30-8814591,ACTIVA
Melonie,Gredden,40-4032899,ACTIVA
Monti,Lammert,56-2495165,ACTIVA
Mahmud,Alpes,42-9710242,ACTIVA
Nathaniel,Reen,24-3873262,ACTIVA
Sean,Burehill,31-4847421,ACTIVA
Simmonds,Luckett,81-9851940,ACTIVA
Chantal,Sarney,96-1241380,ACTIVA
Nonna,Beavis,43-6975487,ACTIVA
Camey,Cometto,37-0852742,ACTIVA
Lyda,Compfort,60-7822511,ACTIVA
Darcey,Askell,05-8658822,ACTIVA
Orsola,Milam,06-2531040,ACTIVA
Maurine,Dewsbury,83-0772473,ACTIVA
Renate,Impson,57-5189163,ACTIVA
Sofia,Geipel,36-2094886,ACTIVA
Veronika,Gabbott,76-8681088,ACTIVA
Hershel,Long,19-0711997,ACTIVA
Alyosha,Heater,92-8487353,ACTIVA
Adrianna,Luckie,51-8283296,ACTIVA
Joana,Coxwell,51-4208568,ACTIVA
Barclay,Manicomb,88-9777319,ACTIVA
Leonardo,Stalley,71-1017200,ACTIVA
Lanny,Gillions,05-9369510,ACTIVA
Sutherlan,Ruppert,07-0755397,ACTIVA
Kimberlee,Kubicka,97-8612273,ACTIVA
Palm,Downes,01-3960623,ACTIVA
Halley,Boken,52-2730160,ACTIVA
Inger,Abreheart,27-3811677,ACTIVA
Sally,Winscum,16-7388953,ACTIVA
Shurlocke,Gomby,01-1956399,ACTIVA
Jordain,Ogelbe,56-7542864,ACTIVA
Joellen,Touhig,26-3237955,ACTIVA
York,Tuft,83-7913303,ACTIVA
Sallyann,Lapre,86-9107931,ACTIVA
Geordie,Mundford,96-2430519,ACTIVA
Teodor,Rosenfeld,13-2146613,ACTIVA
Darsie,Grunbaum,02-7270343,ACTIVA
Glennie,Brabham,78-2095210,ACTIVA
Kerwinn,Phelit,73-4331148,ACTIVA
Trisha,Reddan,59-7067067,ACTIVA
Kimball,Shaylor,50-0613602,ACTIVA
Corey,Shoesmith,91-6865526,ACTIVA
Leonanie,Willshee,09-2977260,ACTIVA
Gratia,Alflat,13-5106370,ACTIVA
Constance,Dahlman,14-0016004,ACTIVA
Teresita,Sictornes,22-3548634,ACTIVA
Morena,Hatchell,34-9453927,ACTIVA
Janelle,Shortell,12-3172660,ACTIVA
Hilda,Croan,07-1473129,ACTIVA
Lisabeth,Moffett,73-0396137,ACTIVA
Dot,Goodayle,05-0227167,ACTIVA
Lyell,Barthelet,46-5599432,ACTIVA
Pier,Kinnar,80-1416050,ACTIVA
Marisa,Fruish,66-0012005,ACTIVA
Carey,Cantle,33-6236247,ACTIVA
Gui,Aiken,15-8895197,ACTIVA
Niko,Cleeves,57-7749606,ACTIVA
Max,Sirr,99-9944376,ACTIVA
Brear,Denne,71-8511048,ACTIVA
Tim,Gligoraci,47-5974227,ACTIVA
Elvina,Abys,89-0576809,ACTIVA
Alyssa,Ewing,26-3136289,ACTIVA
Tymothy,Domanek,89-5265759,ACTIVA
Maighdiln,Pfertner,40-4220788,ACTIVA
Latrena,Mossom,90-4371469,ACTIVA
Terrell,Teasdale-Markie,95-1251020,ACTIVA
Emalia,Sercombe,27-9815528,ACTIVA
Erastus,Delouch,67-3614614,ACTIVA
Augustine,Dollard,75-0351398,ACTIVA
Kassia,Gradwell,48-8236425,ACTIVA
Valerye,Impey,49-6060042,ACTIVA
Johann,Morphey,01-1349739,ACTIVA
Niven,Spaughton,65-1367779,ACTIVA
Georas,Siddle,25-6543158,ACTIVA
Idelle,Murdy,51-6651997,ACTIVA
Guillema,Lewsam,80-6949558,ACTIVA
Derrick,Ruselin,08-8064547,ACTIVA
Brittney,Lumly,90-1332188,ACTIVA
Maxie,Minker,42-0761850,ACTIVA
Marijo,Youngs,37-2645354,ACTIVA
Giuditta,Minger,91-8676768,ACTIVA
Tobe,Kehir,43-8770813,ACTIVA
Shellie,Kenen,37-6368699,ACTIVA
Broddy,Strethill,50-8545032,ACTIVA
Roma,Bernardoux,10-2389896,ACTIVA
Ros,Goodrum,16-4535229,ACTIVA
Iggy,Mulroy,40-3077314,ACTIVA
Hervey,Byart,35-7102038,ACTIVA
Kaye,Renahan,07-7290720,ACTIVA
Tara,Haggerty,58-7789054,ACTIVA
Timmy,Mulmuray,30-2111714,ACTIVA
Jacky,Jovicic,20-3038076,ACTIVA
Darrell,Babcock,22-3280456,ACTIVA
Skyler,Leinweber,49-9929766,ACTIVA
Felita,Duding,69-2270202,ACTIVA
Elisabet,McGray,83-7164899,ACTIVA
Lou,Devonshire,98-6518982,ACTIVA
Jeffie,Blaylock,75-6112778,ACTIVA
Faith,Gori,88-6787407,ACTIVA
Tasha,Brum,97-6065328,ACTIVA
Gene,Screaton,22-5057470,ACTIVA
Luciana,Dorin,24-1515521,ACTIVA
Nanni,Cleminshaw,25-3763165,ACTIVA
Mollie,Dunkerly,76-5377348,ACTIVA
Ameline,Dyett,32-7246357,ACTIVA
Michaella,Ashborne,78-3260128,ACTIVA
Katherine,Shambrooke,97-3479173,ACTIVA
Randy,Springtorp,56-2140046,ACTIVA
Adrienne,Widmoor,22-5507555,ACTIVA
Auguste,Sandland,42-0899509,ACTIVA
Samara,Ragg,01-1545689,ACTIVA
Marcela,Steely,78-4255024,ACTIVA
Mario,Galsworthy,76-6415883,ACTIVA
Kassey,Pawelski,79-9888448,ACTIVA
Brynne,Troubridge,41-5053454,ACTIVA
Darelle,Leser,33-9903390,ACTIVA
Ophelie,Oxford,67-6206948,ACTIVA
Basil,Hatchard,00-1642026,ACTIVA
Maisie,Hogben,10-9585006,ACTIVA
Holly,McMains,44-3015417,ACTIVA
Giovanna,Stoeckle,70-4701615,ACTIVA
Elsinore,Guntrip,67-8980488,ACTIVA
June,Lamblot,08-3073404,ACTIVA
Linus,Whimpenny,49-9440285,ACTIVA
Gaven,Switland,00-6025521,ACTIVA
Gerda,O'Giany,74-5551317,ACTIVA
Braden,Oliva,90-7100292,ACTIVA
Travus,Theml,59-4683472,ACTIVA
Sherman,Popley,60-6408302,ACTIVA
Gordy,Osinin,12-8667914,ACTIVA
Christopher,Gaylard,49-2385318,ACTIVA
Marnie,Hallan,74-5652993,ACTIVA
Alexi,Leindecker,37-1022439,ACTIVA
Jamey,Carthew,84-7984891,ACTIVA
Gregorio,Stronach,13-1959252,ACTIVA
Roby,Dany,48-6479941,ACTIVA
Shannon,Mellanby,83-3690291,ACTIVA
Celisse,Topping,72-5609469,ACTIVA
Celestine,Hazeldean,46-8534127,ACTIVA
Bunni,Foxworthy,31-3781264,ACTIVA
Hermann,Showler,01-8202550,ACTIVA
Rodrigo,Larcher,54-5537983,ACTIVA
Kelly,Rubinchik,31-1282402,ACTIVA
Merla,Riches,58-1098723,ACTIVA
Gabbi,Iacomini,21-8783537,ACTIVA
Electra,Borrel,67-6653318,ACTIVA
Annnora,Tonbye,22-9742392,ACTIVA
Caryn,Marcone,77-1572850,ACTIVA
Gale,Josham,70-6654826,ACTIVA
Buckie,Witty,70-8937975,ACTIVA
Richie,Jameson,90-9156310,ACTIVA
Salomo,Ringwood,97-4835150,ACTIVA
Clarine,Wyllie,19-4911398,ACTIVA
Paula,Kemster,76-5585334,ACTIVA
Correy,Farron,55-4416990,ACTIVA
Tyler,Swainston,10-7716958,ACTIVA
Gustav,Bouldon,42-0552537,ACTIVA
Micky,Polfer,41-7172645,ACTIVA
Denis,Peepall,34-4460470,ACTIVA
Beatrisa,Bittany,17-3098835,ACTIVA
Baldwin,Winston,61-6678243,ACTIVA
Sancho,Whitman,94-4283906,ACTIVA
Robinetta,Jaggs,26-9203161,ACTIVA
Traci,Fairfoull,27-6151564,ACTIVA
Fielding,Tidder,44-1390318,ACTIVA
Talbot,Boomes,85-2965712,ACTIVA
Brock,Woltering,95-1293645,ACTIVA
Melissa,Stutter,17-7720563,ACTIVA
Ashli,Ricciardelli,44-0970245,ACTIVA
Engracia,Garron,20-9358897,ACTIVA
Rae,Adelman,02-6728716,ACTIVA
Borden,Gruby,69-0111324,ACTIVA
Minette,Klassmann,58-8612751,ACTIVA
Christalle,Barnish,72-2189690,ACTIVA
Kati,Doram,06-0952351,ACTIVA
Osbourne,Dobeson,27-8332133,ACTIVA
Alica,Mullin,96-0799536,ACTIVA
Avril,Aizikowitz,10-1579789,ACTIVA
Lyssa,Sherborn,11-4988934,ACTIVA
Tierney,Gostick,00-7881166,ACTIVA
Clayton,Bencher,82-7698429,ACTIVA
Bren,Prisk,49-4724539,ACTIVA
Marris,Warham,63-1042729,ACTIVA
Allister,Tethacot,89-8974274,ACTIVA
Persis,Goodsell,77-2571072,ACTIVA
Maureene,Grimes,71-2314721,ACTIVA
Dulcine,Bessell,96-9510939,ACTIVA
Sela,Doerffer,06-2760527,ACTIVA
Lilian,Godbehere,52-5708525,ACTIVA
Hersch,Sawkins,55-4745824,ACTIVA
Nonah,Figures,08-0940556,ACTIVA
Constantia,Anders,20-1807244,ACTIVA
Nevile,Sutcliffe,15-7811774,ACTIVA
Jenni,MacMickan,64-1690240,ACTIVA
Bria,Overel,95-7440996,ACTIVA
Chet,Oneill,32-5314855,ACTIVA
Mabelle,Sherrard,92-8729490,ACTIVA
Gayle,MacClinton,48-2028876,ACTIVA
Marco,Fitzsymonds,72-2081248,ACTIVA
Ailey,Haseldine,48-4374051,ACTIVA
Anton,Iddens,04-8358821,ACTIVA
Gabie,Fielder,93-9149696,ACTIVA
Gerardo,Stannus,38-0499256,ACTIVA
Leland,Canizares,23-7617791,ACTIVA
Noe,Newson,14-0890709,ACTIVA
Scarlet,Ivakhnov,00-4553638,ACTIVA
Tomasine,Fawthorpe,19-3821917,ACTIVA
Kelby,Sporner,16-9071990,ACTIVA
Bab,Beauman,20-5184205,ACTIVA
Taber,Fairlaw,96-7207619,ACTIVA
Jerald,Gemmill,94-0981802,ACTIVA
Anatol,Beardsworth,26-6452506,ACTIVA
Uta,Nafziger,42-5327822,ACTIVA
Konstantine,McKeran,05-8495014,ACTIVA
Belita,Velde,00-1703057,ACTIVA
Carver,Riccardini,38-4211538,ACTIVA
Janine,Saer,31-9593668,ACTIVA
Gavrielle,Luddy,83-9336849,ACTIVA
Geoffrey,Le Grove,07-7845450,ACTIVA
Sly,Tiebe,61-5758761,ACTIVA
Theodor,Deegin,01-9284686,ACTIVA
Veronika,Antoniazzi,16-9425461,ACTIVA
Cathrin,Skoof,35-0534537,ACTIVA
Heddie,Hutton,28-1224832,ACTIVA
Elise,Monkeman,08-5328937,ACTIVA
Mason,Baltzar,23-0286550,ACTIVA
Orelee,Earlam,43-2442466,ACTIVA
Cordell,Redington,55-5844269,ACTIVA
Ingrid,Pipping,66-5346344,ACTIVA
Northrop,Toten,48-7992773,ACTIVA
Lucais,Niche,52-5464637,ACTIVA
Yance,Fehely,95-7540379,ACTIVA
Turner,Grishaev,29-3943331,ACTIVA
Pierce,Goundry,63-9185066,ACTIVA
Jackelyn,Menure,46-8191124,ACTIVA
Corrie,Tabourier,91-0112495,ACTIVA
Jaymee,Pepperrall,39-5331812,ACTIVA
Maritsa,Lightning,60-9333410,ACTIVA
Fidelia,Laurenzi,37-8081324,ACTIVA
Idette,Curee,34-1587574,ACTIVA
Garrik,MacDonogh,05-0668739,ACTIVA
Consolata,Birtwell,36-5848347,ACTIVA
Myron,Anetts,58-9355827,ACTIVA
Noella,Marran,99-7769153,ACTIVA
Laurie,Rollo,41-9347496,ACTIVA
Hershel,Goble,16-3597626,ACTIVA
Egon,Andras,93-2066810,ACTIVA
Kizzee,Day,04-3640881,ACTIVA
Edyth,McAllan,52-3672297,ACTIVA
Correy,Camplejohn,25-5222151,ACTIVA
Tersina,Moggach,82-0242848,ACTIVA
Allsun,Matthius,54-5080369,ACTIVA
Joelynn,Kirkland,07-6867689,ACTIVA
Janaya,Southworth,31-6251815,ACTIVA
Elicia,Alsop,16-2874336,ACTIVA
Sebastian,Kasman,30-7653126,ACTIVA
Husain,Varnals,22-9591594,ACTIVA
Winn,Lidierth,38-7403287,ACTIVA
Sacha,Orta,44-7696294,ACTIVA
Anatollo,Loch,59-1760298,ACTIVA
Clareta,Hassewell,73-5640078,ACTIVA
Birch,Datte,33-1306816,ACTIVA
Haley,Olenichev,59-4512924,ACTIVA
Debora,Vakhrushev,68-6789174,ACTIVA
Robinett,Fass,31-5154261,ACTIVA
Aridatha,Harg,49-8389171,ACTIVA
Mavis,Vango,92-9324675,ACTIVA
Ysabel,Cogar,67-2751108,ACTIVA
Tabbi,Ariss,24-2210583,ACTIVA
Kermie,Rodolfi,51-5211082,ACTIVA
Cull,Workes,25-7715501,ACTIVA
Audrey,Stredwick,14-0758486,ACTIVA
Wilfrid,Oliveira,64-7018376,ACTIVA
Angelica,Launder,09-7214280,ACTIVA
Lionel,Medeway,63-0124229,ACTIVA
Amabelle,McNeish,69-9686816,ACTIVA
Tawsha,Sayce,78-4986952,ACTIVA
Alisha,Swain,23-1636341,ACTIVA
Thia,Salatino,65-7018435,ACTIVA
Finlay,Mauvin,44-9846915,ACTIVA
Rozele,Tie,14-8868973,ACTIVA
Brandais,Rowlin,11-0442989,ACTIVA
Dewey,Kaine,64-7965863,ACTIVA
Tomasina,Dunklee,70-2104583,ACTIVA
Sigismundo,Possek,48-7208824,ACTIVA
Ferdie,Melledy,57-7000651,ACTIVA
Wenda,Woodberry,49-7444721,ACTIVA
Marcelle,Ebbins,92-5680559,ACTIVA
Klemens,Hockey,56-2182257,ACTIVA
Pinchas,Loble,20-4609509,ACTIVA
Joni,Dusting,90-7459448,ACTIVA
Lorita,Farrer,12-8539731,ACTIVA
Lynsey,Sancias,24-4825027,ACTIVA
Robby,Titt,08-7132923,ACTIVA
Debbie,Gudge,26-3836322,ACTIVA
Jessa,Ormrod,73-8697661,ACTIVA
Ahmed,Birkmyre,11-9991867,ACTIVA
Meris,Billows,71-4692613,ACTIVA
Alexandrina,Pawelek,32-3146242,ACTIVA
Chic,Gerling,42-4344518,ACTIVA
Pauline,Hammon,49-8465821,ACTIVA
Layla,McInnery,23-8564635,ACTIVA
Rosalyn,Stronack,30-6613298,ACTIVA
Stanwood,Skeene,16-3353235,ACTIVA
Arthur,Spon,26-9367625,ACTIVA
Selma,Diggons,20-8412135,ACTIVA
Kelila,Choffin,37-1917528,ACTIVA
Tamra,Swaite,03-4063898,ACTIVA
Bevon,Byne,27-2252703,ACTIVA
Gaston,Najara,00-0755903,ACTIVA
Quinlan,Riddoch,85-5163766,ACTIVA
Ginnie,Dyzart,66-9972132,ACTIVA
Carly,Dowse,58-3323851,ACTIVA
Archibald,Wynrahame,84-8329708,ACTIVA
Melva,Garfirth,46-0996909,ACTIVA
Marshal,Riepel,91-9496087,ACTIVA
Ahmad,Janczewski,81-9267303,ACTIVA
Augustina,Sturror,34-4065839,ACTIVA
Vail,Arrighi,19-6002496,ACTIVA
Demetris,Cawthorne,48-4336935,ACTIVA
Thaddeus,Still,99-1701140,ACTIVA
Millie,Goldis,94-4850342,ACTIVA
Phaidra,Hexham,97-1994716,ACTIVA
Talbert,Faulkner,48-3320954,ACTIVA
Verna,Tanser,69-3217015,ACTIVA
Frannie,Learoyde,50-8171265,ACTIVA
Arlie,Cressingham,20-7198985,ACTIVA
Chester,Elnough,96-1387350,ACTIVA
Marchelle,Jorck,41-3938016,ACTIVA
Holden,de Chastelain,70-1192851,ACTIVA
Gasparo,Hollows,03-0137952,ACTIVA
Gifford,Franciotti,30-8968489,ACTIVA
Natassia,Clempton,71-9775845,ACTIVA
Burr,Shoebrook,31-4469687,ACTIVA
Sim,Guwer,94-8439520,ACTIVA
Gwendolyn,Squier,77-2019164,ACTIVA
Paten,Brumby,56-7991891,ACTIVA
Kerri,Heyfield,81-8498547,ACTIVA
Mordecai,Penbarthy,19-8112926,ACTIVA
Guillaume,Schaben,08-1882190,ACTIVA
Sarina,McMoyer,73-6269326,ACTIVA
Nicoli,Jacke,54-8382767,ACTIVA
Kizzee,Aime,34-4549386,ACTIVA
Clim,Kelly,72-9164587,ACTIVA
Quintana,Wille,28-8338014,ACTIVA
Johnna,Fantini,76-8424435,ACTIVA
Cherlyn,Fuidge,39-1191296,ACTIVA
Kippy,Aiken,69-6561808,ACTIVA
Aleece,Dougill,98-2206841,ACTIVA
Joella,Creser,11-5286355,ACTIVA
Jill,Jiru,08-8381956,ACTIVA
Carmelle,Roskilly,69-2524193,ACTIVA
Nonah,Ravenshear,58-0188818,ACTIVA
Doloritas,Comport,11-2385650,ACTIVA
Ford,Higgen,82-6558959,ACTIVA
Adelaida,Elderfield,87-7950383,ACTIVA
Ardys,Mosdall,06-4732345,ACTIVA
Anette,Hollington,78-7128810,ACTIVA
Eleanor,Fass,42-6669634,ACTIVA
Caroline,Anthill,22-9214426,ACTIVA
Jared,Larwell,18-4020930,ACTIVA
Gearalt,Gersam,48-5119260,ACTIVA
Noemi,Sarjeant,72-6134107,ACTIVA
Bobinette,Ashbey,92-7281724,ACTIVA
Arnuad,Candish,60-9592325,ACTIVA
Ardath,Bromfield,35-5464937,ACTIVA
Lenard,Cafferty,16-4032748,ACTIVA
Blakeley,Tolland,66-6804565,ACTIVA
Cally,Sweetmore,69-3441620,ACTIVA
Wendeline,Orwin,11-9325324,ACTIVA
Lanae,Stirrup,07-6598823,ACTIVA
Ingunna,Novis,30-9485964,ACTIVA
Robena,Center,82-9444342,ACTIVA
Allen,Trenholme,80-6235358,ACTIVA
Liz,Jakubiak,39-0290224,ACTIVA
Travers,Luckcock,73-1677541,ACTIVA
Darbie,Sheddan,04-5965612,ACTIVA
Eadith,Faux,27-3558005,ACTIVA
Claudian,Kneebone,86-2308478,ACTIVA
Winston,Poytheras,57-2602122,ACTIVA
Robert,Bolles,96-6893207,ACTIVA
Lora,Whitecross,40-4440704,ACTIVA
Sonni,Pybus,57-3206219,ACTIVA
Chev,Luby,29-9903769,ACTIVA
Emylee,Clancy,90-5554010,ACTIVA
Dew,Longmire,57-9269845,ACTIVA
Jordan,Mansion,21-8112093,ACTIVA
Hill,Gowlett,58-1274294,ACTIVA
Devlen,Sumpner,39-3203056,ACTIVA
Martainn,Larmet,77-0071749,ACTIVA
Alejandro,Cauderlie,09-4091465,ACTIVA
Leonelle,Knoles,26-8825608,ACTIVA
Durward,Ruddoch,13-9808329,ACTIVA
Abram,Blamire,29-0934110,ACTIVA
Drusilla,Ciubutaro,59-7885622,ACTIVA
Fraze,Grose,60-6005053,ACTIVA
Dew,Yurocjhin,71-4147330,ACTIVA
Moise,Sandcraft,70-7785627,ACTIVA
Odelia,Churchlow,40-9409343,ACTIVA
Boote,Chesman,97-6774164,ACTIVA
Chiarra,Fassbender,43-6176644,ACTIVA
Therine,Lachaize,58-1473600,ACTIVA
Amanda,Ponceford,53-5562637,ACTIVA
Jerrome,Stebbings,32-6513854,ACTIVA
Patrizio,Govini,36-1972579,ACTIVA
Deeyn,Dugue,86-9724732,ACTIVA
Yoko,Swan,97-5451093,ACTIVA
Tome,Whitbread,71-9063290,ACTIVA
Hastings,Edgett,01-2318773,ACTIVA
Fayina,Imms,89-9031862,ACTIVA
Rubie,Kemp,91-8541874,ACTIVA
Prissie,Clementel,48-9228019,ACTIVA
Ripley,Yerrell,86-6743420,ACTIVA
Portia,Szantho,07-9252452,ACTIVA
Crystie,Hairon,85-1368968,ACTIVA
Alphonso,Kayser,93-9147496,ACTIVA
Coralie,Clarke-Williams,34-9761129,ACTIVA
Brenn,Greenham,23-1190547,ACTIVA
Lily,Reynold,67-1236516,ACTIVA
Ingamar,de Juares,27-7456935,ACTIVA
Georgette,Dalby,29-4513585,ACTIVA
Lindsey,Grunwall,68-7104838,ACTIVA
Charlot,Wakeley,74-3794321,ACTIVA
Magnum,Epinoy,81-1322862,ACTIVA
Davie,Wisham,37-4485167,ACTIVA
Erasmus,Hospital,34-1225016,ACTIVA
Lin,Caughey,95-3728296,ACTIVA
Clarabelle,Vellacott,25-7889642,ACTIVA
Malanie,Bridgeland,99-3447737,ACTIVA
Chrystel,Phette,85-2329405,ACTIVA
Riobard,Andries,69-8491983,ACTIVA
Yasmin,Hellin,89-2585045,ACTIVA
Genni,de Werk,24-2690689,ACTIVA
Candi,Ritmeier,99-6443637,ACTIVA
Herb,Filinkov,52-6143449,ACTIVA
Karoly,Veivers,06-1422355,ACTIVA
Myra,Hatrick,77-5990400,ACTIVA
Cher,Tubble,20-1673277,ACTIVA
Carleen,Mansuer,46-6515636,ACTIVA
Zelig,Luesley,80-8999009,ACTIVA
Selle,Critchley,68-7923709,ACTIVA
Cirillo,Banville,64-3192580,ACTIVA
Lillian,De Francesco,08-3189095,ACTIVA
Barth,Wasielewicz,92-7679048,ACTIVA
Khalil,Silverston,23-4927304,ACTIVA
Ardene,Alfuso,43-1511777,ACTIVA
Yard,Kenyon,32-1284804,ACTIVA
Dannie,Grief,93-4144118,ACTIVA
Allina,MacIlory,96-1434636,ACTIVA
Sunshine,Thornewill,44-1090243,ACTIVA
Rakel,Smeath,74-2646965,ACTIVA
Dianne,Mangan,19-9503746,ACTIVA
Allyce,Millington,00-7641929,ACTIVA
Lou,McKiernan,67-3957734,ACTIVA
Mayne,Fassman,76-1661904,ACTIVA
Melodie,Bowhay,21-4045077,ACTIVA
Conrad,Tanner,59-3913988,ACTIVA
Amalea,Jewis,58-4433026,ACTIVA
Lebbie,Robertelli,79-1402472,ACTIVA
Johna,Sneller,43-2186282,ACTIVA
Devina,Tedder,32-1705238,ACTIVA
Dela,Birchall,96-8494185,ACTIVA
Aeriel,Theseira,56-2274959,ACTIVA
Holli,Copeman,00-9206218,ACTIVA
Scarlett,Baldree,15-8154800,ACTIVA
Ricki,Gorcke,71-1080409,ACTIVA
Keefe,Dailey,74-3502671,ACTIVA
Clo,Saffell,71-8201078,ACTIVA
Gun,Murrill,26-3360860,ACTIVA
Gweneth,De Laci,57-1526951,ACTIVA
Matthieu,Spurgin,22-7886931,ACTIVA
Bradney,Rizzardini,84-3089141,ACTIVA
Lynn,Lichfield,83-4656572,ACTIVA
Merridie,Joselin,88-0257340,ACTIVA
Gerianna,Romanet,30-0259915,ACTIVA
Rosabella,Tattam,81-8561228,ACTIVA
Sharline,Jennings,59-6544817,ACTIVA
Alic,Bisgrove,55-9443869,ACTIVA
Armstrong,Meyer,05-4282058,ACTIVA
Gabrielle,Reuss,51-6860974,ACTIVA
Danyelle,Kainz,04-2772697,ACTIVA
Onida,Mowsdill,36-4054532,ACTIVA
Laurena,Eskriett,92-7058786,ACTIVA
Doro,Lorentzen,45-9522836,ACTIVA
Rudyard,Souter,92-9251344,ACTIVA
Cami,Dollard,41-5356426,ACTIVA
Dewie,Redemile,08-6886428,ACTIVA
Madelin,MacDavitt,11-1740823,ACTIVA
Augustin,Mowen,14-6262650,ACTIVA
Agna,Husselbee,49-6898126,ACTIVA
